-- phpMyAdmin SQL Dump
-- version 5.1.0
-- https://www.phpmyadmin.net/
--
-- Servidor: 127.0.0.1
-- Tiempo de generación: 23-07-2021 a las 06:48:12
-- Versión del servidor: 10.4.19-MariaDB
-- Versión de PHP: 8.0.6

SET SQL_MODE = "NO_AUTO_VALUE_ON_ZERO";
START TRANSACTION;
SET time_zone = "+00:00";


/*!40101 SET @OLD_CHARACTER_SET_CLIENT=@@CHARACTER_SET_CLIENT */;
/*!40101 SET @OLD_CHARACTER_SET_RESULTS=@@CHARACTER_SET_RESULTS */;
/*!40101 SET @OLD_COLLATION_CONNECTION=@@COLLATION_CONNECTION */;
/*!40101 SET NAMES utf8mb4 */;

--
-- Base de datos: `losdelfinesmari`
--

-- --------------------------------------------------------

--
-- Estructura de tabla para la tabla `admin`
--

CREATE TABLE `admin` (
  `id` int(11) NOT NULL,
  `username` varchar(255) NOT NULL,
  `password` varchar(255) NOT NULL,
  `creationDate` timestamp NOT NULL DEFAULT current_timestamp(),
  `updationDate` varchar(255) NOT NULL
) ENGINE=InnoDB DEFAULT CHARSET=latin1;

--
-- Volcado de datos para la tabla `admin`
--

INSERT INTO `admin` (`id`, `username`, `password`, `creationDate`, `updationDate`) VALUES
(1, 'admin', '21232f297a57a5a743894a0e4a801fc3', '2017-01-24 16:21:18', '22-07-2021 02:45:17 AM');

-- --------------------------------------------------------

--
-- Estructura de tabla para la tabla `category`
--

CREATE TABLE `category` (
  `id` int(11) NOT NULL,
  `categoryName` varchar(255) DEFAULT NULL,
  `categoryDescription` longtext DEFAULT NULL,
  `creationDate` timestamp NOT NULL DEFAULT current_timestamp(),
  `updationDate` varchar(255) DEFAULT NULL
) ENGINE=InnoDB DEFAULT CHARSET=latin1;

--
-- Volcado de datos para la tabla `category`
--

INSERT INTO `category` (`id`, `categoryName`, `categoryDescription`, `creationDate`, `updationDate`) VALUES
(1, 'ENTRADAS', 'Entradas', '2021-07-17 06:24:46', '17-07-2021 11:38:19 PM'),
(2, 'Fondo', 'Fondo', '2021-07-17 06:25:06', NULL),
(3, 'Guarniciones', 'Platos que puedes acompañar a cualquier comida', '2021-07-18 04:28:48', NULL),
(4, 'Platos extras', 'Platos extras que aparte de los platos marinos la Cevicheria los Delfines de Mari ofrece.', '2021-07-18 04:38:12', NULL),
(5, 'Domingo especial', 'En el día Domingo ofrecemos platos especiales para nuestros clientes', '2021-07-18 05:04:07', NULL),
(6, 'Bebidas', 'Bebidas para que acompañen en sus comidas.', '2021-07-18 05:38:54', '22-07-2021 02:02:47 AM');

-- --------------------------------------------------------

--
-- Estructura de tabla para la tabla `datos`
--

CREATE TABLE `datos` (
  `id` int(11) NOT NULL,
  `nombre` text NOT NULL,
  `correo` text NOT NULL,
  `mensaje` text NOT NULL
) ENGINE=InnoDB DEFAULT CHARSET=utf8mb4;

-- --------------------------------------------------------

--
-- Estructura de tabla para la tabla `orders`
--

CREATE TABLE `orders` (
  `id` int(11) NOT NULL,
  `userId` int(11) DEFAULT NULL,
  `productId` varchar(255) DEFAULT NULL,
  `quantity` int(11) DEFAULT NULL,
  `orderDate` date DEFAULT NULL,
  `paymentMethod` varchar(50) DEFAULT NULL,
  `orderStatus` varchar(55) DEFAULT NULL
) ENGINE=InnoDB DEFAULT CHARSET=latin1;

-- --------------------------------------------------------

--
-- Estructura de tabla para la tabla `ordertrackhistory`
--

CREATE TABLE `ordertrackhistory` (
  `id` int(11) NOT NULL,
  `orderId` int(11) DEFAULT NULL,
  `status` varchar(255) DEFAULT NULL,
  `remark` mediumtext DEFAULT NULL,
  `postingDate` timestamp NOT NULL DEFAULT current_timestamp()
) ENGINE=InnoDB DEFAULT CHARSET=latin1;

-- --------------------------------------------------------

--
-- Estructura de tabla para la tabla `productreviews`
--

CREATE TABLE `productreviews` (
  `id` int(11) NOT NULL,
  `productId` int(11) DEFAULT NULL,
  `quality` int(11) DEFAULT NULL,
  `price` int(11) DEFAULT NULL,
  `value` int(11) DEFAULT NULL,
  `name` varchar(255) DEFAULT NULL,
  `summary` varchar(255) DEFAULT NULL,
  `review` longtext DEFAULT NULL,
  `reviewDate` timestamp NOT NULL DEFAULT current_timestamp()
) ENGINE=InnoDB DEFAULT CHARSET=latin1;

-- --------------------------------------------------------

--
-- Estructura de tabla para la tabla `products`
--

CREATE TABLE `products` (
  `id` int(11) NOT NULL,
  `category` int(11) NOT NULL,
  `subCategory` int(11) DEFAULT NULL,
  `productName` varchar(255) DEFAULT NULL,
  `productCompany` varchar(255) DEFAULT NULL,
  `productPrice` int(11) DEFAULT NULL,
  `productPriceBeforeDiscount` int(11) DEFAULT NULL,
  `productDescription` longtext DEFAULT NULL,
  `productImage1` varchar(255) DEFAULT NULL,
  `productImage2` varchar(255) DEFAULT NULL,
  `productImage3` varchar(255) DEFAULT NULL,
  `shippingCharge` int(11) DEFAULT NULL,
  `productAvailability` varchar(255) DEFAULT NULL,
  `postingDate` timestamp NULL DEFAULT current_timestamp(),
  `updationDate` varchar(255) DEFAULT NULL
) ENGINE=InnoDB DEFAULT CHARSET=latin1;

--
-- Volcado de datos para la tabla `products`
--

INSERT INTO `products` (`id`, `category`, `subCategory`, `productName`, `productCompany`, `productPrice`, `productPriceBeforeDiscount`, `productDescription`, `productImage1`, `productImage2`, `productImage3`, `shippingCharge`, `productAvailability`, `postingDate`, `updationDate`) VALUES
(1, 1, 1, 'Causa limenña', 'Causa limeña', 5, 5, 'Causa limeña exquisita', 'causa-limeña.jpeg', 'causa-limeña.jpeg', 'causa-limeña.jpeg', 5, 'En Stock', '2021-07-17 06:32:07', NULL),
(2, 2, 5, 'Ceviche', 'Ceviche', 5, 5, 'Ceviche preparado&nbsp; con su leche de tigre en una copa .', 'ceviche.jpg', 'ceviche.jpg', 'ceviche.jpg', 5, 'En Stock', '2021-07-18 02:10:04', NULL),
(3, 2, 5, 'Choritos a la chalaca', 'Choritos a la chalaca', 8, 10, 'Exquisito choritos a la chalaca', 'choritos-a-la-chalaca.png', 'choritos-a-la-chalaca.png', 'choritos-a-la-chalaca.png', 5, 'En Stock', '2021-07-18 02:11:26', NULL),
(4, 1, 1, 'Leche de tigre', 'Leche de tigre', 8, 10, 'Riquísimo leche de tigre acompañado de su cancha&nbsp; su rocoto, mote, cancha y su infaltable pescado.<div><br><div><br></div></div>', 'leche-de-tigre.png', 'leche-de-tigre.png', 'leche-de-tigre.png', 5, 'En Stock', '2021-07-18 02:13:58', NULL),
(5, 1, 2, 'Chilcano', 'Los delfines de Mari', 4, 5, 'Chilcano preparado a base de pescado acompañado de su rica cancha, mote ,yuyo,rocoto,limon.', 'chilcano.png', 'chilcano.png', 'chilcano.png', 5, 'En Stock', '2021-07-18 02:20:49', NULL),
(6, 2, 4, 'Arroz a la chiclayana', 'Los delfines de Mari', 6, 7, 'Arroz a la chiclayana preparado<span style=\"color: rgb(77, 81, 86); font-family: arial, sans-serif; font-size: 14px;\">&nbsp;principalmente por carne de pato y arvejas que puede acompañar con su ceviche.</span>', 'arroz-a-la-chiclayana.jpg', 'arroz-a-la-chiclayana.png', 'arroz-a-la-chiclayana.png', 5, 'En Stock', '2021-07-18 02:30:22', NULL),
(7, 2, 4, 'Arroz con langostinos', 'Los delfines de Mari', 7, 8, '<span style=\"color: rgb(32, 33, 34); font-family: sans-serif; font-size: 14px;\">Junto al ceviche</span><span style=\"color: rgb(32, 33, 34); font-family: sans-serif; font-size: 14px;\">, el arroz con mariscos es uno de los platos marinos más populares en el&nbsp;Peru&nbsp;</span><span style=\"color: rgb(32, 33, 34); font-family: sans-serif; font-size: 14px;\">y suelen consumirse en forma conjunta.</span><br>', 'arroz-con-langostinos.jpg', 'arroz-con-langostinos.png', 'arroz-con-langostinos.png', 5, 'En Stock', '2021-07-18 02:33:16', NULL),
(8, 2, 4, 'Arroz con mariscos', 'Los delfines de Mari', 6, 7, 'Arroz&nbsp; preparado con langostino mejillón rodajas y cortes de pota puede ser acompañado con su ceviche o su leche de tigre.', 'arroz-con-mariscos.jpg', 'arroz-con-mariscos.jpg', 'arroz-con-mariscos.jpg', 5, 'En Stock', '2021-07-18 02:50:16', NULL),
(9, 2, 4, 'Arroz con conchas negras', 'Los delfines de Mari', 9, 10, '<span style=\"color: rgb(102, 102, 102); font-family: &quot;Google Sans&quot;, Helvetica, Arial, sans-serif; font-size: 15px;\">Las conchas negras son un marisco que podemos disfrutar en una determinada época del año, para preservar su especie.</span>', 'arrroz-con-conchas-negras.jpg', 'arrroz-con-conchas-negras.jpg', 'arrroz-con-conchas-negras.jpg', 5, 'En Stock', '2021-07-18 02:53:28', NULL),
(10, 2, 4, 'Chaufa de mariscos', 'Los delfines de Mari', 12, 15, '<span style=\"color: rgb(48, 48, 48); font-family: Roboto, sans-serif; font-size: 19px; letter-spacing: 0.095px;\">Es una de las delicias más populares que presenta la comida marina y la gastronomía peruana, ya que su mezcla de sabores hace que tu paladar disfrute de principio a fin con los direferentes mariscos de nuestro mar peruano.</span><br>', 'chaufa-de-mariscos.jpg', 'chaufa-de-mariscos.jpg', 'chaufa-de-mariscos.jpg', 5, 'En Stock', '2021-07-18 02:56:09', NULL),
(11, 2, 4, 'Chaufa de pescado', 'Los delfines de Mari', 9, 10, '<div class=\"rct-ingredientes\" style=\"box-sizing: border-box; float: left; width: 250px; color: rgb(0, 0, 0); font-family: arial; font-size: medium;\"><h4 style=\"box-sizing: border-box; font-variant-numeric: normal; font-variant-east-asian: normal; font-stretch: normal; line-height: 16px; font-family: SohoStd; margin-bottom: 20px; text-transform: uppercase;\">INGREDIENTES</h4><ul style=\"box-sizing: border-box; list-style: none; margin-bottom: 0px; margin-left: 0px;\"><li style=\"box-sizing: border-box; margin-bottom: 5px; overflow: hidden;\"><span class=\"cant\" style=\"box-sizing: border-box; display: block; font-variant-numeric: normal; font-variant-east-asian: normal; font-stretch: normal; font-size: 15px; line-height: 18px; font-family: HelveticaNeueLTStdLt; float: left; width: 70px;\">500 g</span><span class=\"elem\" style=\"box-sizing: border-box; display: block; font-variant-numeric: normal; font-variant-east-asian: normal; font-stretch: normal; font-size: 15px; line-height: 18px; font-family: HelveticaNeueLTStdLt; float: right; width: 165px;\">pescado en cubos</span></li><li style=\"box-sizing: border-box; margin-bottom: 5px; overflow: hidden;\"><span class=\"cant\" style=\"box-sizing: border-box; display: block; font-variant-numeric: normal; font-variant-east-asian: normal; font-stretch: normal; font-size: 15px; line-height: 18px; font-family: HelveticaNeueLTStdLt; float: left; width: 70px;\">1/2 kg.</span><span class=\"elem\" style=\"box-sizing: border-box; display: block; font-variant-numeric: normal; font-variant-east-asian: normal; font-stretch: normal; font-size: 15px; line-height: 18px; font-family: HelveticaNeueLTStdLt; float: right; width: 165px;\">harina sin preparar</span></li><li style=\"box-sizing: border-box; margin-bottom: 5px; overflow: hidden;\"><span class=\"cant\" style=\"box-sizing: border-box; display: block; font-variant-numeric: normal; font-variant-east-asian: normal; font-stretch: normal; font-size: 15px; line-height: 18px; font-family: HelveticaNeueLTStdLt; float: left; width: 70px;\">200 g</span><span class=\"elem\" style=\"box-sizing: border-box; display: block; font-variant-numeric: normal; font-variant-east-asian: normal; font-stretch: normal; font-size: 15px; line-height: 18px; font-family: HelveticaNeueLTStdLt; float: right; width: 165px;\">chuño</span></li><li style=\"box-sizing: border-box; margin-bottom: 5px; overflow: hidden;\"><span class=\"cant\" style=\"box-sizing: border-box; display: block; font-variant-numeric: normal; font-variant-east-asian: normal; font-stretch: normal; font-size: 15px; line-height: 18px; font-family: HelveticaNeueLTStdLt; float: left; width: 70px;\">1 1/4 tz.</span><span class=\"elem\" style=\"box-sizing: border-box; display: block; font-variant-numeric: normal; font-variant-east-asian: normal; font-stretch: normal; font-size: 15px; line-height: 18px; font-family: HelveticaNeueLTStdLt; float: right; width: 165px;\">aceite vegetal</span></li><li style=\"box-sizing: border-box; margin-bottom: 5px; overflow: hidden;\"><span class=\"cant\" style=\"box-sizing: border-box; display: block; font-variant-numeric: normal; font-variant-east-asian: normal; font-stretch: normal; font-size: 15px; line-height: 18px; font-family: HelveticaNeueLTStdLt; float: left; width: 70px;\">1/2 kg.</span><span class=\"elem\" style=\"box-sizing: border-box; display: block; font-variant-numeric: normal; font-variant-east-asian: normal; font-stretch: normal; font-size: 15px; line-height: 18px; font-family: HelveticaNeueLTStdLt; float: right; width: 165px;\">arroz blanco cocido</span></li><li style=\"box-sizing: border-box; margin-bottom: 5px; overflow: hidden;\"><span class=\"cant\" style=\"box-sizing: border-box; display: block; font-variant-numeric: normal; font-variant-east-asian: normal; font-stretch: normal; font-size: 15px; line-height: 18px; font-family: HelveticaNeueLTStdLt; float: left; width: 70px;\">1 cda.</span><span class=\"elem\" style=\"box-sizing: border-box; display: block; font-variant-numeric: normal; font-variant-east-asian: normal; font-stretch: normal; font-size: 15px; line-height: 18px; font-family: HelveticaNeueLTStdLt; float: right; width: 165px;\">azúcar</span></li><li style=\"box-sizing: border-box; margin-bottom: 5px; overflow: hidden;\"><span class=\"cant\" style=\"box-sizing: border-box; display: block; font-variant-numeric: normal; font-variant-east-asian: normal; font-stretch: normal; font-size: 15px; line-height: 18px; font-family: HelveticaNeueLTStdLt; float: left; width: 70px;\">1 cdta.</span><span class=\"elem\" style=\"box-sizing: border-box; display: block; font-variant-numeric: normal; font-variant-east-asian: normal; font-stretch: normal; font-size: 15px; line-height: 18px; font-family: HelveticaNeueLTStdLt; float: right; width: 165px;\">canela china</span></li><li style=\"box-sizing: border-box; margin-bottom: 5px; overflow: hidden;\"><span class=\"cant\" style=\"box-sizing: border-box; display: block; font-variant-numeric: normal; font-variant-east-asian: normal; font-stretch: normal; font-size: 15px; line-height: 18px; font-family: HelveticaNeueLTStdLt; float: left; width: 70px;\">1 1/2 cda.</span><span class=\"elem\" style=\"box-sizing: border-box; display: block; font-variant-numeric: normal; font-variant-east-asian: normal; font-stretch: normal; font-size: 15px; line-height: 18px; font-family: HelveticaNeueLTStdLt; float: right; width: 165px;\">sazonador</span></li><li style=\"box-sizing: border-box; margin-bottom: 5px; overflow: hidden;\"><span class=\"cant\" style=\"box-sizing: border-box; display: block; font-variant-numeric: normal; font-variant-east-asian: normal; font-stretch: normal; font-size: 15px; line-height: 18px; font-family: HelveticaNeueLTStdLt; float: left; width: 70px;\">2 cda.</span><span class=\"elem\" style=\"box-sizing: border-box; display: block; font-variant-numeric: normal; font-variant-east-asian: normal; font-stretch: normal; font-size: 15px; line-height: 18px; font-family: HelveticaNeueLTStdLt; float: right; width: 165px;\">sillao</span></li><li style=\"box-sizing: border-box; margin-bottom: 5px; overflow: hidden;\"><span class=\"cant\" style=\"box-sizing: border-box; display: block; font-variant-numeric: normal; font-variant-east-asian: normal; font-stretch: normal; font-size: 15px; line-height: 18px; font-family: HelveticaNeueLTStdLt; float: left; width: 70px;\">2 cda.</span><span class=\"elem\" style=\"box-sizing: border-box; display: block; font-variant-numeric: normal; font-variant-east-asian: normal; font-stretch: normal; font-size: 15px; line-height: 18px; font-family: HelveticaNeueLTStdLt; float: right; width: 165px;\">aceite de ajonjolí</span></li><li style=\"box-sizing: border-box; margin-bottom: 5px; overflow: hidden;\"><span class=\"cant\" style=\"box-sizing: border-box; display: block; font-variant-numeric: normal; font-variant-east-asian: normal; font-stretch: normal; font-size: 15px; line-height: 18px; font-family: HelveticaNeueLTStdLt; float: left; width: 70px;\">1/4</span><span class=\"elem\" style=\"box-sizing: border-box; display: block; font-variant-numeric: normal; font-variant-east-asian: normal; font-stretch: normal; font-size: 15px; line-height: 18px; font-family: HelveticaNeueLTStdLt; float: right; width: 165px;\">atado de cebolla china, parte verde, picada</span></li><li style=\"box-sizing: border-box; margin-bottom: 5px; overflow: hidden;\"><span class=\"cant\" style=\"box-sizing: border-box; display: block; font-variant-numeric: normal; font-variant-east-asian: normal; font-stretch: normal; font-size: 15px; line-height: 18px; font-family: HelveticaNeueLTStdLt; float: left; width: 70px;\">5</span><span class=\"elem\" style=\"box-sizing: border-box; display: block; font-variant-numeric: normal; font-variant-east-asian: normal; font-stretch: normal; font-size: 15px; line-height: 18px; font-family: HelveticaNeueLTStdLt; float: right; width: 165px;\">huevos</span></li><br></ul></div>', 'chaufa-de-pescado.jpg', 'chaufa-de-pescado.jpg', 'chaufa-de-pescado.jpg', 5, 'En Stock', '2021-07-18 02:58:47', NULL),
(12, 2, 5, 'Ceviche clasico', 'Los delfines de Mari', 25, 30, '<div itemprop=\"description\" class=\"ERSSummary\" style=\"box-sizing: border-box; padding: 0px; margin: 0px 0px 10px; line-height: inherit; color: rgb(34, 34, 34); font-family: Arial, Helvetica, sans-serif;\">El preciado ceviche peruano consta de pescado crudo, limón y ají. Todos lo saboreamos, pero no todos sabemos prepararlo. Aquí te enseñamos como elaborarlo en su forma clásica.</div><div class=\"ERSIngredients\" style=\"box-sizing: border-box; padding: 0px; margin: 0px 0px 10px; line-height: inherit; color: rgb(34, 34, 34); font-family: Arial, Helvetica, sans-serif;\"><div class=\"ERSIngredientsHeader ERSHeading\" style=\"box-sizing: border-box; padding: 0px; margin: 1em 0px; line-height: inherit; font-size: 1.4em; font-weight: 700; clear: both;\">Ingredientes</div><ul style=\"box-sizing: border-box; margin-bottom: 0px; margin-left: 0px; line-height: inherit;\"><li class=\"ingredient\" itemprop=\"ingredients\" style=\"box-sizing: border-box; line-height: inherit; margin: 0px 0px 10px 10px; padding: 0px; list-style: inside disc; background: 0px 0px;\">1 Kg. de pescado fresco (aunque algunos utilizan pescado congelado). En la medida de lo posible optar por pescado blanco</li><li class=\"ingredient\" itemprop=\"ingredients\" style=\"box-sizing: border-box; line-height: inherit; margin: 0px 0px 10px 10px; padding: 0px; list-style: inside disc; background: 0px 0px;\">20 limones</li><li class=\"ingredient\" itemprop=\"ingredients\" style=\"box-sizing: border-box; line-height: inherit; margin: 0px 0px 10px 10px; padding: 0px; list-style: inside disc; background: 0px 0px;\">1 cebolla roja grande o 2 medianas</li><li class=\"ingredient\" itemprop=\"ingredients\" style=\"box-sizing: border-box; line-height: inherit; margin: 0px 0px 10px 10px; padding: 0px; list-style: inside disc; background: 0px 0px;\">1 ají limo</li><li class=\"ingredient\" itemprop=\"ingredients\" style=\"box-sizing: border-box; line-height: inherit; margin: 0px 0px 10px 10px; padding: 0px; list-style: inside disc; background: 0px 0px;\">1 cucharadita de sal</li><li class=\"ingredient\" itemprop=\"ingredients\" style=\"box-sizing: border-box; line-height: inherit; margin: 0px 0px 10px 10px; padding: 0px; list-style: inside disc; background: 0px 0px;\">1 pizca de pimienta (de preferencia blanca)</li><li class=\"ingredient\" itemprop=\"ingredients\" style=\"box-sizing: border-box; line-height: inherit; margin: 0px 0px 10px 10px; padding: 0px; list-style: inside disc; background: 0px 0px;\">1 pizca de sazonador ajinomoto (opcional)</li><li class=\"ingredient\" itemprop=\"ingredients\" style=\"box-sizing: border-box; line-height: inherit; margin: 0px 0px 10px 10px; padding: 0px; list-style: inside disc; background: 0px 0px;\">Algunas hojas de culantro (opcional)</li><li class=\"ingredient\" itemprop=\"ingredients\" style=\"box-sizing: border-box; line-height: inherit; margin: 0px 0px 10px 10px; padding: 0px; list-style: inside disc; background: 0px 0px;\">Apio (opcional)</li><li class=\"ingredient\" itemprop=\"ingredients\" style=\"box-sizing: border-box; line-height: inherit; margin: 0px 0px 0px 10px; padding: 0px; list-style: inside disc; background: 0px 0px;\">Para la guarnición se puede emplear si se desea: 2 choclos cocidos, 4 camotes cocidos, 2 yucas cocidas o fritas, Plátano verde frito en rodajas (chifles), algunas hojas de lechuga</li></ul></div>', 'ceviche-clasico.jpg', 'ceviche-clasico.jpg', 'ceviche-clasico.jpg', 5, 'En Stock', '2021-07-18 03:11:19', NULL),
(13, 2, 5, 'Ceviche de conchas negras', 'Los delfines de Mari', 25, 30, '<font face=\"times new roman\" size=\"3\"><span style=\"color: rgb(58, 58, 58);\">Este exótico plato cuenta con algunos ingredientes poco comunes </span><span style=\"color: rgb(58, 58, 58);\">aunque de fácil acceso. Además, es de rápida preparación por lo que puede incluso sacarte de apuros en un momento que sea necesario y así sorprender a tu familia o amigos.</span></font><h3 style=\"border: 0px; margin-bottom: 20px; padding: 0px; line-height: 1.2em; color: rgb(58, 58, 58);\"><font face=\"times new roman\" size=\"3\">Instrucciones</font></h3><ol style=\"border: 0px; margin-bottom: 1.5em; margin-left: 3em; list-style-position: initial; list-style-image: initial; color: rgb(58, 58, 58);\"><li style=\"border: 0px; margin: 0px; padding: 0px;\"><font face=\"times new roman\" size=\"3\">Con la ayuda de un cepillo, lava cada concha frotando hasta eliminar todo residuo pegado en ellas, con mucho cuidado de no abrirlas.</font></li><li style=\"border: 0px; margin: 0px; padding: 0px;\"><font face=\"times new roman\" size=\"3\">Una vez limpias, abre cada una dentro de un tazón, para que no se pierda nada del jugo que contienen.</font></li><li style=\"border: 0px; margin: 0px; padding: 0px;\"><font face=\"times new roman\" size=\"3\">Sazona las conchas con sal y pimienta, añade el ajo molido, el culantro, el rocoto y el ají limo, mezcla todo muy bien para que inicie a macerar.</font></li><li style=\"border: 0px; margin: 0px; padding: 0px;\"><font face=\"times new roman\" size=\"3\">Lava la cebolla en agua hervida fría con un poco de sal, escurre y échala en el tazón, mezcla.</font></li><li style=\"border: 0px; margin: 0px; padding: 0px;\"><font face=\"times new roman\" style=\"\" size=\"3\">Añade el jugo de limón, mezcla muy bien asegurándote que todo el preparado quede empapado, por último rectifica la sazón y deja reposar solo por 5 minutos</font></li></ol>', 'ceviche-de-conchas-negras.png', 'ceviche-de-conchas-negras.png', 'ceviche-de-conchas-negras.png', 5, 'En Stock', '2021-07-18 03:13:12', NULL),
(14, 2, 5, 'Ceviche de pescado', 'Los delfines de Mari', 15, 20, '<h3 class=\"wprm-recipe-header wprm-recipe-ingredients-header wprm-block-text-bold wprm-align-left wprm-header-decoration-none\" style=\"box-sizing: border-box; font-family: Helvetica, sans-serif; line-height: 1.3em; font-size: 1.2em; clear: none; font-variant-numeric: normal; font-variant-east-asian: normal; color: rgb(0, 0, 0); background-color: rgb(250, 250, 250); margin-top: 1.2em !important; margin-bottom: 0px !important; padding: 0px !important;\">&nbsp;Ingredientes</h3><div class=\"wprm-recipe-ingredient-group\" style=\"box-sizing: border-box; color: rgb(51, 51, 51); font-family: Helvetica, sans-serif; font-size: 14.4px; letter-spacing: 0.3px; background-color: rgb(250, 250, 250);\"><ul class=\"wprm-recipe-ingredients\" style=\"box-sizing: border-box; margin-block: 0px; padding-inline-start: 0px; margin-bottom: 0px !important; margin-left: 0px !important;\"><li class=\"wprm-recipe-ingredient\" style=\"box-sizing: border-box; list-style-type: disc; margin-bottom: 7px; list-style-position: outside; position: relative; font-size: 1em !important; margin-top: 0px !important; margin-right: 0px !important; margin-left: 32px !important; padding: 0px !important; line-height: 1.5em !important;\"><span class=\"wprm-recipe-ingredient-amount\" style=\"box-sizing: border-box;\">1 ½</span>&nbsp;<span class=\"wprm-recipe-ingredient-name\" style=\"box-sizing: border-box;\">libra de filetes de pescado fresco y de la mejor calidad</span>&nbsp;<span class=\"wprm-recipe-ingredient-notes wprm-recipe-ingredient-notes-faded\" style=\"box-sizing: border-box; opacity: 0.7;\">corvina, dorado, escolar, halibut</span></li><li class=\"wprm-recipe-ingredient\" style=\"box-sizing: border-box; list-style-type: disc; margin-bottom: 7px; list-style-position: outside; position: relative; font-size: 1em !important; margin-top: 0px !important; margin-right: 0px !important; margin-left: 32px !important; padding: 0px !important; line-height: 1.5em !important;\"><span class=\"wprm-recipe-ingredient-amount\" style=\"box-sizing: border-box;\">1</span>&nbsp;<span class=\"wprm-recipe-ingredient-name\" style=\"box-sizing: border-box;\">cebolla colorada</span>&nbsp;<span class=\"wprm-recipe-ingredient-notes wprm-recipe-ingredient-notes-faded\" style=\"box-sizing: border-box; opacity: 0.7;\">cortada en rodajas bien finas</span></li><li class=\"wprm-recipe-ingredient\" style=\"box-sizing: border-box; list-style-type: disc; margin-bottom: 7px; list-style-position: outside; position: relative; font-size: 1em !important; margin-top: 0px !important; margin-right: 0px !important; margin-left: 32px !important; padding: 0px !important; line-height: 1.5em !important;\"><span class=\"wprm-recipe-ingredient-amount\" style=\"box-sizing: border-box;\">1</span>&nbsp;<span class=\"wprm-recipe-ingredient-name\" style=\"box-sizing: border-box;\">taza de jugo de limón recién exprimido</span>&nbsp;<span class=\"wprm-recipe-ingredient-notes wprm-recipe-ingredient-notes-faded\" style=\"box-sizing: border-box; opacity: 0.7;\">aproximadamente 10-15 limones sutiles (o 35-40 limoncitos tipo key lime o 8-10 limones verdes grandes en EEUU)</span></li><li class=\"wprm-recipe-ingredient\" style=\"box-sizing: border-box; list-style-type: disc; margin-bottom: 7px; list-style-position: outside; position: relative; font-size: 1em !important; margin-top: 0px !important; margin-right: 0px !important; margin-left: 32px !important; padding: 0px !important; line-height: 1.5em !important;\"><span class=\"wprm-recipe-ingredient-amount\" style=\"box-sizing: border-box;\">1-2</span>&nbsp;<span class=\"wprm-recipe-ingredient-name\" style=\"box-sizing: border-box;\">ajíes amarillos o habaneros</span>&nbsp;<span class=\"wprm-recipe-ingredient-notes wprm-recipe-ingredient-notes-faded\" style=\"box-sizing: border-box; opacity: 0.7;\">cortados por la mitad, sin semillas y desvenados</span></li><li class=\"wprm-recipe-ingredient\" style=\"box-sizing: border-box; list-style-type: disc; margin-bottom: 7px; list-style-position: outside; position: relative; font-size: 1em !important; margin-top: 0px !important; margin-right: 0px !important; margin-left: 32px !important; padding: 0px !important; line-height: 1.5em !important;\"><span class=\"wprm-recipe-ingredient-amount\" style=\"box-sizing: border-box;\">2-3</span>&nbsp;<span class=\"wprm-recipe-ingredient-name\" style=\"box-sizing: border-box;\">ramitas de cilantro fresco</span></li><li class=\"wprm-recipe-ingredient\" style=\"box-sizing: border-box; list-style-type: disc; margin-bottom: 7px; list-style-position: outside; position: relative; font-size: 1em !important; margin-top: 0px !important; margin-right: 0px !important; margin-left: 32px !important; padding: 0px !important; line-height: 1.5em !important;\"><span class=\"wprm-recipe-ingredient-name\" style=\"box-sizing: border-box;\">Sal al gusto</span></li><li class=\"wprm-recipe-ingredient\" style=\"box-sizing: border-box; list-style-type: disc; margin-bottom: 7px; list-style-position: outside; position: relative; font-size: 1em !important; margin-top: 0px !important; margin-right: 0px !important; margin-left: 32px !important; padding: 0px !important; line-height: 1.5em !important;\"><span class=\"wprm-recipe-ingredient-name\" style=\"box-sizing: border-box;\">Cilantro finamente picado al gusto</span></li></ul></div>', 'ceviche-de-pescado.png', 'ceviche-de-pescado.png', 'ceviche-de-pescado.png', 5, 'En Stock', '2021-07-18 03:15:21', NULL),
(15, 2, 5, 'Ceviche mixto', 'Los delfines de Mari', 15, 20, '<font face=\"times new roman\" size=\"3\"><span style=\"color: rgb(58, 58, 58);\">El ceviche mixto tal como su nombre lo indica es un</span><span style=\"border: 0px; margin: 0px; padding: 0px; font-weight: 700; color: rgb(58, 58, 58); user-select: text;\">&nbsp;tipo de ceviche</span><span style=\"color: rgb(58, 58, 58);\">&nbsp;que es la mezcla magistral de varios productos marinos. Entre los que destacan nítidamente los mariscos y por supuesto el&nbsp;</span><span style=\"border: 0px; margin: 0px; padding: 0px; font-weight: 700; color: rgb(58, 58, 58); user-select: text;\">pescado fresco</span><span style=\"color: rgb(58, 58, 58);\">&nbsp;de nuestro mar. Lee hasta el final y aprende a prepararlo con la maestría y sapiencia de un chef profesional.</span></font><div><font color=\"#3a3a3a\" face=\"times new roman\" size=\"3\"><br></font><div><font color=\"#3a3a3a\" face=\"times new roman\" size=\"3\">INGREDIENTES:<br></font><div><li style=\"margin: 0px 0px 12px 40px; padding: 0px 0px 0px 2px; box-sizing: border-box; overflow-wrap: break-word; line-height: 1.6; color: rgb(34, 34, 34); font-size: 17px; font-family: Montserrat, sans-serif;\">500 gramos pescado fresco (el de tu preferencia)</li><li style=\"margin: 0px 0px 12px 40px; padding: 0px 0px 0px 2px; box-sizing: border-box; overflow-wrap: break-word; line-height: 1.6; color: rgb(34, 34, 34); font-size: 17px; font-family: Montserrat, sans-serif;\">250 gramos de calamar</li><li style=\"margin: 0px 0px 12px 40px; padding: 0px 0px 0px 2px; box-sizing: border-box; overflow-wrap: break-word; line-height: 1.6; color: rgb(34, 34, 34); font-size: 17px; font-family: Montserrat, sans-serif;\">10 conchas de abanico</li><li style=\"margin: 0px 0px 12px 40px; padding: 0px 0px 0px 2px; box-sizing: border-box; overflow-wrap: break-word; line-height: 1.6; color: rgb(34, 34, 34); font-size: 17px; font-family: Montserrat, sans-serif;\">10 caracoles de mar</li><li style=\"margin: 0px 0px 12px 40px; padding: 0px 0px 0px 2px; box-sizing: border-box; overflow-wrap: break-word; line-height: 1.6; color: rgb(34, 34, 34); font-size: 17px; font-family: Montserrat, sans-serif;\">10 colas de camarones</li><li style=\"margin: 0px 0px 12px 40px; padding: 0px 0px 0px 2px; box-sizing: border-box; overflow-wrap: break-word; line-height: 1.6; color: rgb(34, 34, 34); font-size: 17px; font-family: Montserrat, sans-serif;\">100 gramos de pulpo</li><li style=\"margin: 0px 0px 12px 40px; padding: 0px 0px 0px 2px; box-sizing: border-box; overflow-wrap: break-word; line-height: 1.6; color: rgb(34, 34, 34); font-size: 17px; font-family: Montserrat, sans-serif;\">14 limones</li><li style=\"margin: 0px 0px 12px 40px; padding: 0px 0px 0px 2px; box-sizing: border-box; overflow-wrap: break-word; line-height: 1.6; color: rgb(34, 34, 34); font-size: 17px; font-family: Montserrat, sans-serif;\">2 cebollas medianas</li><li style=\"margin: 0px 0px 12px 40px; padding: 0px 0px 0px 2px; box-sizing: border-box; overflow-wrap: break-word; line-height: 1.6; color: rgb(34, 34, 34); font-size: 17px; font-family: Montserrat, sans-serif;\">2 ajíes limo</li><li style=\"margin: 0px 0px 12px 40px; padding: 0px 0px 0px 2px; box-sizing: border-box; overflow-wrap: break-word; line-height: 1.6; color: rgb(34, 34, 34); font-size: 17px; font-family: Montserrat, sans-serif;\">1 cucharada ají amarillo molido</li><li style=\"margin: 0px 0px 12px 40px; padding: 0px 0px 0px 2px; box-sizing: border-box; overflow-wrap: break-word; line-height: 1.6; color: rgb(34, 34, 34); font-size: 17px; font-family: Montserrat, sans-serif;\">2 cucharada ají rocoto molido</li><li style=\"margin: 0px 0px 12px 40px; padding: 0px 0px 0px 2px; box-sizing: border-box; overflow-wrap: break-word; line-height: 1.6; color: rgb(34, 34, 34); font-size: 17px; font-family: Montserrat, sans-serif;\">4 cucharada de ajo molido</li><li style=\"margin: 0px 0px 12px 40px; padding: 0px 0px 0px 2px; box-sizing: border-box; overflow-wrap: break-word; line-height: 1.6; color: rgb(34, 34, 34); font-size: 17px; font-family: Montserrat, sans-serif;\">1 rama de culantro</li><li style=\"margin: 0px 0px 12px 40px; padding: 0px 0px 0px 2px; box-sizing: border-box; overflow-wrap: break-word; line-height: 1.6; color: rgb(34, 34, 34); font-size: 17px; font-family: Montserrat, sans-serif;\">Sal y pimienta al gusto</li></div></div></div>', 'ceviche-mixto.png', 'ceviche-mixto.png', 'ceviche-mixto.png', 5, 'En Stock', '2021-07-18 03:17:35', NULL),
(16, 2, 4, 'Combinado de 7 colores', 'Los delfines de Mari', 8, 10, '<font face=\"times new roman\" size=\"3\"><span style=\"color: rgb(77, 77, 77);\">Siete colores, un potaje que mezcla algunos de los platos más representativos y sabrosos de nuestra gastronomía:&nbsp;</span><a href=\"http://elcomercio.pe/tag/114392/cebiche\" style=\"box-sizing: border-box; color: rgb(77, 77, 77);\">cebiche</a><span style=\"color: rgb(77, 77, 77);\">, tallarines rojos,&nbsp;</span><a href=\"http://elcomercio.pe/tag/175600/cau-cau\" style=\"box-sizing: border-box; color: rgb(77, 77, 77);\">cau cau</a><span style=\"color: rgb(77, 77, 77);\">,&nbsp;</span><a href=\"http://elcomercio.pe/tag/84556/papa-a-la-huancaina\" style=\"box-sizing: border-box; color: rgb(77, 77, 77);\">papa a la huncaína</a><span style=\"color: rgb(77, 77, 77);\">,&nbsp;</span><a href=\"http://elcomercio.pe/gastronomia/460404/noticia-mas-alla-anticucho-que-otras-visceras-solemos-comer\" style=\"box-sizing: border-box; color: rgb(77, 77, 77);\">chanfainita</a><span style=\"color: rgb(77, 77, 77);\">, arroz con pollo y ocopa. Todo esto en un solo plato.</span></font><br><div><br></div><div><font face=\"times new roman\" size=\"3\"><span style=\"color: rgb(77, 77, 77);\"><br></span></font></div>', 'combinado-7-colores.png', 'combinado-7-colores.png', 'combinado-7-colores.png', 5, 'En Stock', '2021-07-18 03:20:57', NULL),
(17, 2, 4, 'Chicharron de pescado', 'Los delfines de Mari', 15, 20, '<font face=\"times new roman\" size=\"3\"><span style=\"color: rgb(51, 51, 51);\">El&nbsp;</span><strong style=\"box-sizing: inherit; outline: 0px; color: rgb(51, 51, 51);\">chicharrón de pescado</strong><span style=\"color: rgb(51, 51, 51);\">&nbsp;es una receta de la&nbsp;</span><strong style=\"box-sizing: inherit; outline: 0px; color: rgb(51, 51, 51);\">cocina peruana</strong><span style=\"color: rgb(51, 51, 51);\">&nbsp;muy fácil y rápida de preparar. Este plato se elabora con filete de pescado rebosado en harina de maíz, lo que le da una textura crujiente que recuerda al típico&nbsp;</span><a href=\"https://www.recetasgratis.net/receta-de-chicharron-colombiano-56044.html\" style=\"box-sizing: inherit; outline: 0px; text-decoration-line: underline; color: rgb(1, 131, 228);\">chicharrón de cerdo</a>.</font><div><font face=\"times new roman\" size=\"3\"><br></font><div><font face=\"times new roman\" size=\"3\">INGREDIENTES:</font></div><div><div><ul class=\"padding-left-0 double-column\" style=\"box-sizing: inherit; outline: 0px; margin-bottom: 0px; margin-left: 0px; padding-right: 1em; padding-bottom: 1em; padding-left: 1em; list-style: none; columns: auto 2; line-height: 1.4; color: rgb(51, 51, 51);\"><li class=\"ingrediente\" style=\"box-sizing: inherit; outline: 0px; margin: 0.25em 0px 0px 0.35em; padding: 0px; line-height: 1.2;\"><label for=\"ingrediente-0\" style=\"box-sizing: inherit; outline: 0px;\"><font face=\"times new roman\" size=\"3\">500 gramos de Lenguado</font></label></li><li class=\"ingrediente\" style=\"box-sizing: inherit; outline: 0px; margin: 0.25em 0px 0px 0.35em; padding: 0px; line-height: 1.2;\"><label for=\"ingrediente-1\" style=\"box-sizing: inherit; outline: 0px;\"><font face=\"times new roman\" size=\"3\">&nbsp;250 gramos de Harina de maíz</font></label></li><li class=\"ingrediente\" style=\"box-sizing: inherit; outline: 0px; margin: 0.25em 0px 0px 0.35em; padding: 0px; line-height: 1.2;\"><label for=\"ingrediente-2\" style=\"box-sizing: inherit; outline: 0px;\"><font face=\"times new roman\" size=\"3\">&nbsp;½ cucharadita de Pimienta</font></label></li><li class=\"ingrediente\" style=\"box-sizing: inherit; outline: 0px; margin: 0.25em 0px 0px 0.35em; padding: 0px; line-height: 1.2;\"><label for=\"ingrediente-3\" style=\"box-sizing: inherit; outline: 0px;\"><font face=\"times new roman\" size=\"3\">&nbsp;½ cucharadita de Sal</font></label></li><li class=\"ingrediente\" style=\"box-sizing: inherit; outline: 0px; margin: 0.25em 0px 0px 0.35em; padding: 0px; line-height: 1.2;\"><label for=\"ingrediente-4\" style=\"box-sizing: inherit; outline: 0px;\"><font face=\"times new roman\" size=\"3\">&nbsp;½ cucharadita de Romero</font></label></li><li class=\"ingrediente\" style=\"box-sizing: inherit; outline: 0px; margin: 0.25em 0px 0px 0.35em; padding: 0px; line-height: 1.2;\"><label for=\"ingrediente-5\" style=\"box-sizing: inherit; outline: 0px;\"><font face=\"times new roman\" size=\"3\">&nbsp;½ cucharadita de Sal de ajo</font></label></li><li class=\"ingrediente\" style=\"box-sizing: inherit; outline: 0px; margin: 0.25em 0px 0px 0.35em; padding: 0px; line-height: 1.2;\"><label for=\"ingrediente-6\" style=\"box-sizing: inherit; outline: 0px;\"><font face=\"times new roman\" style=\"\" size=\"3\">&nbsp;Aceite vegetal</font></label></li></ul></div></div></div>', 'chicharron de pescado.png', 'chicharron de pescado.png', 'chicharron de pescado.png', 5, 'En Stock', '2021-07-18 03:23:11', NULL),
(18, 2, 4, 'Chicharron de calamar', 'Los delfines de Mari', 15, 20, '<span style=\"color: rgb(40, 40, 40); font-family: &quot;Open Sans&quot;, sans-serif; font-size: 19px; text-align: justify;\">El</span><span style=\"box-sizing: inherit; border: 0px; font-size: 19px; font-weight: 700; margin: 0px; outline: 0px; padding: 0px; vertical-align: baseline; color: rgb(40, 40, 40); font-family: &quot;Open Sans&quot;, sans-serif; text-align: justify;\">&nbsp;calamar tiene muchos beneficios</span><span style=\"color: rgb(40, 40, 40); font-family: &quot;Open Sans&quot;, sans-serif; font-size: 19px; text-align: justify;\">&nbsp;ya que tiene un bajo contenido calórico y aporta muchos minerales como potasio, hierro, zinc, magnesio, cloro y fósforo necesario para el&nbsp;</span><span style=\"box-sizing: inherit; border: 0px; font-size: 19px; font-weight: 700; margin: 0px; outline: 0px; padding: 0px; vertical-align: baseline; color: rgb(40, 40, 40); font-family: &quot;Open Sans&quot;, sans-serif; text-align: justify;\">buen funcionamiento del organismo</span><span style=\"color: rgb(40, 40, 40); font-family: &quot;Open Sans&quot;, sans-serif; font-size: 19px; text-align: justify;\">.</span><br><div><span style=\"color: rgb(40, 40, 40); font-family: &quot;Open Sans&quot;, sans-serif; font-size: 19px; text-align: justify;\">INGREDIENTES:</span></div><div><ul style=\"box-sizing: inherit; border: 0px; font-size: 19px; margin-bottom: 1.5em; margin-left: 3em; outline: 0px; vertical-align: baseline; list-style-position: initial; list-style-image: initial; color: rgb(40, 40, 40); font-family: &quot;Open Sans&quot;, sans-serif;\"><li style=\"box-sizing: inherit; border: 0px; font-style: inherit; margin: 0px; outline: 0px; padding: 0px; vertical-align: baseline; text-align: justify;\"><span style=\"box-sizing: inherit; border: 0px; font-style: inherit; margin: 0px; outline: 0px; padding: 0px; vertical-align: baseline;\">1 kg de calamar limpio y cortado en rodajas de un dedo de ancho</span></li><li style=\"box-sizing: inherit; border: 0px; font-style: inherit; margin: 0px; outline: 0px; padding: 0px; vertical-align: baseline; text-align: justify;\"><span style=\"box-sizing: inherit; border: 0px; font-style: inherit; margin: 0px; outline: 0px; padding: 0px; vertical-align: baseline;\">sal</span></li><li style=\"box-sizing: inherit; border: 0px; font-style: inherit; margin: 0px; outline: 0px; padding: 0px; vertical-align: baseline; text-align: justify;\"><span style=\"box-sizing: inherit; border: 0px; font-style: inherit; margin: 0px; outline: 0px; padding: 0px; vertical-align: baseline;\">pimienta</span></li><li style=\"box-sizing: inherit; border: 0px; font-style: inherit; margin: 0px; outline: 0px; padding: 0px; vertical-align: baseline; text-align: justify;\"><span style=\"box-sizing: inherit; border: 0px; font-style: inherit; margin: 0px; outline: 0px; padding: 0px; vertical-align: baseline;\">ajo molido</span></li><li style=\"box-sizing: inherit; border: 0px; font-style: inherit; margin: 0px; outline: 0px; padding: 0px; vertical-align: baseline; text-align: justify;\"><span style=\"box-sizing: inherit; border: 0px; font-style: inherit; margin: 0px; outline: 0px; padding: 0px; vertical-align: baseline;\">sillao</span></li><li style=\"box-sizing: inherit; border: 0px; font-style: inherit; margin: 0px; outline: 0px; padding: 0px; vertical-align: baseline; text-align: justify;\"><span style=\"box-sizing: inherit; border: 0px; font-style: inherit; margin: 0px; outline: 0px; padding: 0px; vertical-align: baseline;\">limón</span></li><li style=\"box-sizing: inherit; border: 0px; font-style: inherit; margin: 0px; outline: 0px; padding: 0px; vertical-align: baseline; text-align: justify;\"><span style=\"box-sizing: inherit; border: 0px; font-style: inherit; margin: 0px; outline: 0px; padding: 0px; vertical-align: baseline;\">huevo</span></li><li style=\"box-sizing: inherit; border: 0px; font-style: inherit; margin: 0px; outline: 0px; padding: 0px; vertical-align: baseline; text-align: justify;\"><span style=\"box-sizing: inherit; border: 0px; font-style: inherit; margin: 0px; outline: 0px; padding: 0px; vertical-align: baseline;\">harina sin preparar</span></li><li style=\"box-sizing: inherit; border: 0px; font-style: inherit; margin: 0px; outline: 0px; padding: 0px; vertical-align: baseline; text-align: justify;\"><span style=\"box-sizing: inherit; border: 0px; font-style: inherit; margin: 0px; outline: 0px; padding: 0px; vertical-align: baseline;\">chuño</span></li><li style=\"box-sizing: inherit; border: 0px; font-style: inherit; margin: 0px; outline: 0px; padding: 0px; vertical-align: baseline; text-align: justify;\"><span style=\"box-sizing: inherit; border: 0px; font-style: inherit; margin: 0px; outline: 0px; padding: 0px; vertical-align: baseline;\">aceite</span></li></ul></div>', 'chicharron-calamar.jpg', 'chicharron-calamar.jpg', 'chicharron-calamar.jpg', 5, 'En Stock', '2021-07-18 03:24:31', NULL),
(19, 2, 4, 'Chicharron de pota', 'Los delfines de Mari', 7, 10, '<div><font face=\"times new roman\" size=\"3\"><span style=\"color: rgb(68, 68, 68);\">Uno de los favoritos del verano&nbsp;</span><span style=\"color: rgb(68, 68, 68);\">es sin duda: el</span><span style=\"box-sizing: border-box; font-weight: bolder; color: rgb(68, 68, 68);\">&nbsp;chicharrón de pota</span><span style=\"color: rgb(68, 68, 68);\">. Si bien es el acompañante predilecto del ceviche, tranquilamente podría ser un plato de fondo.&nbsp;</span><font color=\"#444444\"><br></font></font></div><div><font face=\"times new roman\" size=\"3\"><span style=\"color: rgb(68, 68, 68);\"><br></span></font></div><div><font color=\"#444444\" face=\"times new roman\" size=\"3\">INGREDIENTES:</font></div><ul style=\"box-sizing: border-box; margin-top: 10px; margin-bottom: 0px; margin-left: 12px; padding-left: 12px; list-style: unset; color: rgb(68, 68, 68);\"><li style=\"box-sizing: border-box; margin: 0px 0px 12px; padding: 0px;\"><font face=\"times new roman\" size=\"3\">250 gramos de pota</font></li><li style=\"box-sizing: border-box; margin: 0px 0px 12px; padding: 0px;\"><font face=\"times new roman\" size=\"3\">2 unidades de huevo</font></li><li style=\"box-sizing: border-box; margin: 0px 0px 12px; padding: 0px;\"><font face=\"times new roman\" size=\"3\">30 gramos de mostaza</font></li><li style=\"box-sizing: border-box; margin: 0px 0px 12px; padding: 0px;\"><font face=\"times new roman\" size=\"3\">1 cucharadita de ajo molido</font></li><li style=\"box-sizing: border-box; margin: 0px 0px 12px; padding: 0px;\"><font face=\"times new roman\" size=\"3\">5 gramos de pimienta</font></li><li style=\"box-sizing: border-box; margin: 0px 0px 12px; padding: 0px;\"><font face=\"times new roman\" size=\"3\">5 gramos de comino</font></li><li style=\"box-sizing: border-box; margin: 0px 0px 12px; padding: 0px;\"><font face=\"times new roman\" size=\"3\">500 gramos de harina sin preparar</font></li><li style=\"box-sizing: border-box; margin: 0px 0px 12px; padding: 0px;\"><font face=\"times new roman\" size=\"3\">5 gramos de pimienta (para arrebozar la pota)</font></li><li style=\"box-sizing: border-box; margin: 0px 0px 12px; padding: 0px;\"><font face=\"times new roman\" size=\"3\">1 litro de aceite</font></li><li style=\"box-sizing: border-box; margin: 0px 0px 12px; padding: 0px;\"><font face=\"times new roman\" size=\"3\">150 gramos de yuca cocida</font></li><li style=\"box-sizing: border-box; margin: 0px 0px 12px; padding: 0px;\"><font face=\"times new roman\" style=\"\" size=\"3\">Salsa</font></li></ul>', 'chicharron-de-pota.png', 'chicharron-de-pota.png', 'chicharron-de-pota.png', 5, 'En Stock', '2021-07-18 03:26:29', NULL),
(20, 2, 4, 'Chicharron mixto', 'Los delfines de Mari', 15, 20, '<div style=\"text-align: left;\"><div><font face=\"times new roman\" size=\"3\"><span style=\"color: rgb(77, 81, 86);\">Un buen&nbsp;</span><span style=\"font-weight: bold; color: rgb(95, 99, 104);\">chicharrón</span><span style=\"color: rgb(77, 81, 86);\">&nbsp;de pescado y/o&nbsp;</span><span style=\"font-weight: bold; color: rgb(95, 99, 104);\">mixto</span><span style=\"color: rgb(77, 81, 86);\">&nbsp;parte de la mezcla adecuada de insumos para revolver los cortes de pescado.</span><br></font></div><div><font face=\"times new roman\" size=\"3\"><span style=\"color: rgb(77, 81, 86);\"><br></span></font></div><div><font face=\"times new roman\" size=\"3\">INGREDIENTES:</font></div><ul><li><font face=\"times new roman\" size=\"3\">&nbsp;Filetes de pescado</font></li><li><font face=\"times new roman\" size=\"3\">250 gr de calamares</font></li><li><font face=\"times new roman\" size=\"3\">&nbsp;1 docena de conchas de abanico</font></li><li><font face=\"times new roman\" size=\"3\">&nbsp;1 docena de langostinos</font></li><li><font face=\"times new roman\" size=\"3\">&nbsp;2 cucharadas de mostaza</font></li><li><font face=\"times new roman\" size=\"3\">2 huevos</font></li><li><font face=\"times new roman\" size=\"3\">2 cebollas rojas</font></li><li><font face=\"times new roman\" size=\"3\">1 rocoto</font></li><li><font face=\"times new roman\" size=\"3\">4 limones</font></li><li><font face=\"times new roman\" size=\"3\">1 kg de yuca</font></li><li><font face=\"times new roman\" size=\"3\">1 tz de harina</font></li><li><font face=\"times new roman\" size=\"3\">Sal y pimienta al gusto</font></li><li><font face=\"times new roman\" size=\"3\">Aceite vegetal en cantidad necesaria</font></li></ul></div>', 'chicharron-mixto.png', 'chicharron-mixto.png', 'chicharron-mixto.png', 5, 'En Stock', '2021-07-18 03:29:36', NULL),
(21, 2, 4, 'Jalea mixta', 'Los delfines de Mari', 20, 25, '<font face=\"times new roman\" size=\"3\"><span style=\"color: rgb(34, 34, 34);\">La&nbsp;</span><span style=\"margin: 0px; padding: 0px; box-sizing: border-box; font-weight: 700; color: rgb(34, 34, 34);\">jalea</span><span style=\"color: rgb(34, 34, 34);\">&nbsp;es un plato típico de la gastronomía peruana, específicamente de las regiones de Lambayeque y Piura en donde tiene su origen. Básicamente se trata de una fritura de pescado o marisco, o ambos. Y según los ingredientes pueden denominarse jalea de pescado, jalea de mariscos o jalea mixta, siendo esta última la que traemos en esta oportunidad.</span><br></font><div><span style=\"color: rgb(34, 34, 34);\"><font face=\"times new roman\" size=\"3\">INGREDIENTES:</font></span></div><div><li style=\"margin: 0px 0px 12px 40px; padding: 0px 0px 0px 2px; box-sizing: border-box; overflow-wrap: break-word; line-height: 1.6; color: rgb(34, 34, 34);\"><font face=\"times new roman\" size=\"3\">&nbsp;filetes de pescado</font></li><li style=\"margin: 0px 0px 12px 40px; padding: 0px 0px 0px 2px; box-sizing: border-box; overflow-wrap: break-word; line-height: 1.6; color: rgb(34, 34, 34);\"><font face=\"times new roman\" size=\"3\">1 kilo de una mezcla de mariscos: camarones, calamares, choros, pulpo,&nbsp;</font></li><li style=\"margin: 0px 0px 12px 40px; padding: 0px 0px 0px 2px; box-sizing: border-box; overflow-wrap: break-word; line-height: 1.6; color: rgb(34, 34, 34);\"><font face=\"times new roman\" size=\"3\">1 taza de harina preparada</font></li><li style=\"margin: 0px 0px 12px 40px; padding: 0px 0px 0px 2px; box-sizing: border-box; overflow-wrap: break-word; line-height: 1.6; color: rgb(34, 34, 34);\"><font face=\"times new roman\" size=\"3\">2 limones</font></li><li style=\"margin: 0px 0px 12px 40px; padding: 0px 0px 0px 2px; box-sizing: border-box; overflow-wrap: break-word; line-height: 1.6; color: rgb(34, 34, 34);\"><font face=\"times new roman\" size=\"3\">1 taza de chuño (fécula de papa)</font></li><li style=\"margin: 0px 0px 12px 40px; padding: 0px 0px 0px 2px; box-sizing: border-box; overflow-wrap: break-word; line-height: 1.6; color: rgb(34, 34, 34);\"><font face=\"times new roman\" size=\"3\">1 huevo</font></li><li style=\"margin: 0px 0px 12px 40px; padding: 0px 0px 0px 2px; box-sizing: border-box; overflow-wrap: break-word; line-height: 1.6; color: rgb(34, 34, 34);\"><font face=\"times new roman\" size=\"3\">Kion al gusto</font></li><li style=\"margin: 0px 0px 12px 40px; padding: 0px 0px 0px 2px; box-sizing: border-box; overflow-wrap: break-word; line-height: 1.6; color: rgb(34, 34, 34);\"><font face=\"times new roman\" size=\"3\">2 cucharadas de ajo molido</font></li><li style=\"margin: 0px 0px 12px 40px; padding: 0px 0px 0px 2px; box-sizing: border-box; overflow-wrap: break-word; line-height: 1.6; color: rgb(34, 34, 34);\"><font face=\"times new roman\" size=\"3\">3 cucharaditas de ají colorado molido</font></li><li style=\"margin: 0px 0px 12px 40px; padding: 0px 0px 0px 2px; box-sizing: border-box; overflow-wrap: break-word; line-height: 1.6; color: rgb(34, 34, 34);\"><font face=\"times new roman\" size=\"3\">3 cucharaditas de ají amarillo licuado</font></li><li style=\"margin: 0px 0px 12px 40px; padding: 0px 0px 0px 2px; box-sizing: border-box; overflow-wrap: break-word; line-height: 1.6; color: rgb(34, 34, 34);\"><font face=\"times new roman\" size=\"3\">Sal y pimienta al gusto</font></li><li style=\"margin: 0px 0px 12px 40px; padding: 0px 0px 0px 2px; box-sizing: border-box; overflow-wrap: break-word; line-height: 1.6; color: rgb(34, 34, 34);\"><font face=\"times new roman\" size=\"3\">¼ kilo de yuca sancochada</font></li></div><div><span style=\"color: rgb(34, 34, 34); font-family: Montserrat, sans-serif; font-size: 17px;\"><br></span></div>', 'jalea-mixta.png', 'jalea-mixta.png', 'jalea-mixta.png', 5, 'En Stock', '2021-07-18 03:31:13', NULL),
(22, 2, 4, 'Cabrilla frita entera con yuca y ensalada', 'Los delfines de Mari', 20, 22, '<font size=\"3\" face=\"times new roman\"><span style=\"color: rgb(112, 112, 112);\">El pescado frito es una receta favorita en muchos países del mundo, &nbsp;fácil de preparar y &nbsp;se puede ser servir acompañado en diferentes formas con arroz , con salsa criolla o con una ensalada de verduras.</span><br></font><div><span style=\"color: rgb(112, 112, 112);\"><font size=\"3\" face=\"times new roman\">INGREDIENTES:</font></span></div><div><ul style=\"margin-top: 1.5em; margin-bottom: 1.571em; margin-left: 1.9em; border: 0px; font-variant-numeric: inherit; font-variant-east-asian: inherit; font-stretch: inherit; line-height: inherit; vertical-align: baseline; list-style: square; color: rgb(112, 112, 112);\"><li style=\"font-style: inherit; font-variant: inherit; font-weight: inherit; font-stretch: inherit; line-height: inherit; margin: 0px; padding: 0px; border: 0px; vertical-align: baseline;\"><font size=\"3\" face=\"times new roman\">4 cabrillas chicas limpias</font></li><li style=\"font-style: inherit; font-variant: inherit; font-weight: inherit; font-stretch: inherit; line-height: inherit; margin: 0px; padding: 0px; border: 0px; vertical-align: baseline;\"><font size=\"3\" face=\"times new roman\">1 taza de aceite para freír</font></li><li style=\"font-style: inherit; font-variant: inherit; font-weight: inherit; font-stretch: inherit; line-height: inherit; margin: 0px; padding: 0px; border: 0px; vertical-align: baseline;\"><font size=\"3\" face=\"times new roman\">sal al gusto</font></li><li style=\"font-style: inherit; font-variant: inherit; font-weight: inherit; font-stretch: inherit; line-height: inherit; margin: 0px; padding: 0px; border: 0px; vertical-align: baseline;\"><font size=\"3\" face=\"times new roman\">pimienta al gusto</font></li><li style=\"font-style: inherit; font-variant: inherit; font-weight: inherit; font-stretch: inherit; line-height: inherit; margin: 0px; padding: 0px; border: 0px; vertical-align: baseline;\"><font size=\"3\" face=\"times new roman\">2 cucharadas de ajo molido</font></li><li style=\"font-style: inherit; font-variant: inherit; font-weight: inherit; font-stretch: inherit; line-height: inherit; margin: 0px; padding: 0px; border: 0px; vertical-align: baseline;\"><font size=\"3\" style=\"\" face=\"times new roman\">2<strong style=\"margin: 0px; padding: 0px; border: 0px; font-style: inherit; font-variant: inherit; font-stretch: inherit; line-height: inherit; vertical-align: baseline;\">&nbsp;camotes cocidos</strong></font></li></ul></div>', 'cabrilla-frita-entera-con-yuca.jpeg', 'cabrilla-frita-entera-con-yuca.png', 'cabrilla-frita-entera-con-yuca.png', 5, 'En Stock', '2021-07-18 03:33:54', NULL);
INSERT INTO `products` (`id`, `category`, `subCategory`, `productName`, `productCompany`, `productPrice`, `productPriceBeforeDiscount`, `productDescription`, `productImage1`, `productImage2`, `productImage3`, `shippingCharge`, `productAvailability`, `postingDate`, `updationDate`) VALUES
(23, 2, 4, 'Chita frita', 'Los delfines de Mari', 20, 22, '<div><font face=\"times new roman\" size=\"3\"><span style=\"color: rgb(0, 0, 0); text-align: justify; background-color: rgb(233, 233, 233);\">Chita entera, sazonado con sal pimienta,&nbsp; ajos. Frito en aceite bien caliente. Servido con yuca frita, arroz y acompañado de salsa chalaca.</span><font color=\"#707070\"><br></font></font></div><div><span style=\"color: rgb(112, 112, 112);\"><font face=\"times new roman\" size=\"3\"><br></font></span></div><div><font face=\"times new roman\" size=\"3\"><span style=\"color: rgb(112, 112, 112);\">INGREDIENTES:</span><br></font></div><ul style=\"margin-top: 1.5em; margin-bottom: 1.571em; margin-left: 1.9em; border: 0px; font-variant-numeric: inherit; font-variant-east-asian: inherit; font-stretch: inherit; line-height: inherit; vertical-align: baseline; list-style: square; color: rgb(112, 112, 112);\"><li style=\"font-style: inherit; font-variant: inherit; font-weight: inherit; font-stretch: inherit; line-height: inherit; margin: 0px; padding: 0px; border: 0px; vertical-align: baseline;\"><font face=\"times new roman\" size=\"3\">1 chita</font></li><li style=\"font-style: inherit; font-variant: inherit; font-weight: inherit; font-stretch: inherit; line-height: inherit; margin: 0px; padding: 0px; border: 0px; vertical-align: baseline;\"><font face=\"times new roman\" size=\"3\">mantequilla</font></li><li style=\"font-style: inherit; font-variant: inherit; font-weight: inherit; font-stretch: inherit; line-height: inherit; margin: 0px; padding: 0px; border: 0px; vertical-align: baseline;\"><font face=\"times new roman\" size=\"3\">ajos</font></li><li style=\"font-style: inherit; font-variant: inherit; font-weight: inherit; font-stretch: inherit; line-height: inherit; margin: 0px; padding: 0px; border: 0px; vertical-align: baseline;\"><font face=\"times new roman\" size=\"3\">pimienta c/n</font></li><li style=\"font-style: inherit; font-variant: inherit; font-weight: inherit; font-stretch: inherit; line-height: inherit; margin: 0px; padding: 0px; border: 0px; vertical-align: baseline;\"><font face=\"times new roman\" size=\"3\">Sal c/n</font></li><li style=\"font-style: inherit; font-variant: inherit; font-weight: inherit; font-stretch: inherit; line-height: inherit; margin: 0px; padding: 0px; border: 0px; vertical-align: baseline;\"><font face=\"times new roman\" size=\"3\">½ taza de harina</font></li><li style=\"font-style: inherit; font-variant: inherit; font-weight: inherit; font-stretch: inherit; line-height: inherit; margin: 0px; padding: 0px; border: 0px; vertical-align: baseline;\"><font face=\"times new roman\" size=\"3\">Yucas cocidas</font></li><li style=\"font-style: inherit; font-variant: inherit; font-weight: inherit; font-stretch: inherit; line-height: inherit; margin: 0px; padding: 0px; border: 0px; vertical-align: baseline;\"><font face=\"times new roman\" style=\"\" size=\"3\">1 taza de arroz</font></li></ul>', 'chita-frita.jpg', 'chita-frita.jpg', 'chita-frita.jpg', 5, 'En Stock', '2021-07-18 03:43:26', NULL),
(24, 2, 4, 'Huevera frita con arroz y ensalada', 'Los delfines de Mari', 13, 15, '<font face=\"times new roman\" size=\"3\"><span style=\"color: rgb(112, 112, 112); letter-spacing: 0.1px; text-align: center;\">Una receta peruana acompañada de salsa criolla.</span><br></font><div><span style=\"color: rgb(112, 112, 112); letter-spacing: 0.1px; text-align: center;\"><font face=\"times new roman\" size=\"3\">INGREDIENTES:</font></span></div><div><div class=\"field-name\" style=\"box-sizing: border-box; color: rgb(0, 0, 0); letter-spacing: 0.1px;\"><ul style=\"\"><li style=\"\"><font face=\"times new roman\" size=\"3\">2 hueveras de pescado (grandes)</font></li><li style=\"\"><font face=\"times new roman\" size=\"3\">1/2 taza de harina de maíz</font></li><li style=\"\"><font face=\"times new roman\" size=\"3\">1/4 taza de harina</font></li><li style=\"\"><font face=\"times new roman\" size=\"3\">Sal y pimienta</font></li><li style=\"\"><font face=\"times new roman\" size=\"3\">arroz</font></li><li style=\"\"><font face=\"times new roman\" style=\"\" size=\"3\">Aceite</font></li></ul></div></div>', 'huevera-frita-con-arroz-y-ensalada.jpg', 'huevera-frita-con-arroz-y-ensalada.jpg', 'huevera-frita-con-arroz-y-ensalada.jpg', 5, 'En Stock', '2021-07-18 03:46:06', NULL),
(25, 2, 4, 'Pescado saltado', 'Los delfines de Mari', 13, 15, '<div class=\"field-name\" style=\"box-sizing: border-box; color: rgb(0, 0, 0); letter-spacing: 0.1px;\"><div><font face=\"times new roman\" size=\"3\"><span style=\"color: rgb(112, 112, 112); letter-spacing: 0.1px; text-align: center;\">O saltado de pescado , la versión marina del delicioso “lomo saltado” peruano.</span><br></font></div><div><font face=\"times new roman\" size=\"3\">INGREDIENTES:</font></div><ul><li><font face=\"times new roman\" style=\"\" size=\"3\">400 gramos de filete de pescado</font></li><li><font face=\"times new roman\" size=\"3\">400 gramos de filete de pescado (grandes)</font></li><li><font face=\"times new roman\" size=\"3\">1 cebolla cortada en juliana (grande)</font></li><li><font face=\"times new roman\" size=\"3\">2 tomates cortados en juliana</font></li><li><font face=\"times new roman\" size=\"3\">1 diente de ajo picado</font></li><li><font face=\"times new roman\" size=\"3\">1 cucharada de culantro picado</font></li><li><font face=\"times new roman\" size=\"3\">150 gramos de harina</font></li><li><font face=\"times new roman\" size=\"3\">Sal y pimienta al gusto</font></li><li><font face=\"times new roman\" size=\"3\">Aceite</font></li><li><font face=\"times new roman\" style=\"\" size=\"3\">1 ají verde cortado en juliana</font></li></ul></div>', 'pescado_saltado.jpg', 'pescado_saltado.jpg', 'pescado_saltado.jpg', 5, 'En Stock', '2021-07-18 03:47:54', NULL),
(26, 2, 4, 'Pescado a la chorrillana', 'Los delfines de Mari', 16, 18, '<ul style=\"box-sizing: border-box; margin-top: 25px; margin-bottom: 0px; margin-left: 0px; list-style: none;\"><font color=\"#44393b\" face=\"avenir-book\"><ul style=\"box-sizing: border-box; margin-top: 25px; margin-bottom: 0px; margin-left: 0px; list-style: none;\"><font color=\"#44393b\" face=\"avenir-book\"><span style=\"font-size: 14px;\">INGREDIENTES:</span></font></ul></font></ul><span style=\"color: rgb(68, 57, 59); font-size: 14px;\"><font face=\"times new roman\">&nbsp;-&nbsp; 6 filetes de pescado (900 gr)&nbsp; &nbsp; &nbsp; &nbsp; &nbsp; &nbsp; &nbsp; &nbsp; &nbsp; &nbsp; &nbsp; &nbsp; &nbsp; &nbsp; &nbsp; &nbsp; &nbsp; &nbsp; &nbsp; &nbsp; &nbsp; &nbsp; &nbsp; &nbsp; &nbsp; &nbsp; &nbsp; &nbsp; &nbsp; &nbsp; &nbsp; &nbsp; &nbsp; &nbsp; &nbsp; &nbsp; &nbsp; &nbsp; &nbsp; &nbsp; &nbsp; &nbsp; &nbsp; &nbsp; &nbsp; &nbsp; &nbsp; &nbsp; &nbsp; &nbsp; &nbsp; &nbsp; &nbsp; &nbsp; &nbsp; &nbsp;- Sal y pimienta al gustoHarina Favorita en cantidad necesaria&nbsp; &nbsp; &nbsp; &nbsp; &nbsp; &nbsp; &nbsp; &nbsp; &nbsp; &nbsp; &nbsp; &nbsp; &nbsp; &nbsp; &nbsp; &nbsp; &nbsp; &nbsp; &nbsp; &nbsp; &nbsp; &nbsp; &nbsp; &nbsp; &nbsp; &nbsp; &nbsp; &nbsp; &nbsp; &nbsp; - ½ taza de aceite Cocinero (110 ml)&nbsp; &nbsp; &nbsp; &nbsp; &nbsp; &nbsp; &nbsp; &nbsp; &nbsp; &nbsp; &nbsp; &nbsp; &nbsp; &nbsp; &nbsp; &nbsp; &nbsp; &nbsp; &nbsp; &nbsp; &nbsp; &nbsp; &nbsp; &nbsp; &nbsp; &nbsp; &nbsp; &nbsp; &nbsp; &nbsp; &nbsp; &nbsp; &nbsp; &nbsp; &nbsp; &nbsp; &nbsp; &nbsp; &nbsp; &nbsp; &nbsp; &nbsp; &nbsp; &nbsp; &nbsp; &nbsp; &nbsp; &nbsp; &nbsp; &nbsp; - 2 cebollas cortadas en cuñas (300 gr)&nbsp; &nbsp; &nbsp; &nbsp; &nbsp; &nbsp; &nbsp; &nbsp; &nbsp; &nbsp; &nbsp; &nbsp; &nbsp; &nbsp; &nbsp; &nbsp; &nbsp; &nbsp; &nbsp; &nbsp; &nbsp; &nbsp; &nbsp; &nbsp; &nbsp; &nbsp; &nbsp; &nbsp; &nbsp; &nbsp; &nbsp; &nbsp; &nbsp; &nbsp; &nbsp; &nbsp; &nbsp; &nbsp; &nbsp; &nbsp; &nbsp; &nbsp; &nbsp; &nbsp; &nbsp; &nbsp; &nbsp; &nbsp; &nbsp; - 2 dientes de ajo (4 gr)&nbsp; &nbsp; &nbsp; &nbsp; &nbsp; &nbsp; &nbsp; &nbsp; &nbsp; &nbsp; &nbsp; &nbsp; &nbsp; &nbsp; &nbsp; &nbsp; &nbsp; &nbsp; &nbsp; &nbsp; &nbsp; &nbsp; &nbsp; &nbsp; &nbsp; &nbsp; &nbsp; &nbsp; &nbsp; &nbsp; &nbsp; &nbsp; &nbsp; &nbsp; &nbsp; &nbsp; &nbsp; &nbsp; &nbsp; &nbsp; &nbsp; &nbsp; &nbsp; &nbsp; &nbsp; &nbsp; &nbsp; &nbsp; &nbsp; &nbsp; &nbsp; &nbsp; &nbsp; &nbsp; &nbsp; &nbsp; &nbsp; &nbsp; &nbsp; &nbsp; &nbsp; - 3 tomates (360 gr)&nbsp; &nbsp; &nbsp; &nbsp; &nbsp; &nbsp; &nbsp; &nbsp; &nbsp; &nbsp; &nbsp; &nbsp; &nbsp; &nbsp; &nbsp; &nbsp; &nbsp; &nbsp; &nbsp; &nbsp; &nbsp; &nbsp; &nbsp; &nbsp; &nbsp; &nbsp; &nbsp; &nbsp; &nbsp; &nbsp; &nbsp; &nbsp; &nbsp; &nbsp; &nbsp; &nbsp; &nbsp; &nbsp; &nbsp; &nbsp; &nbsp; &nbsp; &nbsp; &nbsp; &nbsp; &nbsp; &nbsp; &nbsp; &nbsp; &nbsp; &nbsp; &nbsp; &nbsp; &nbsp; &nbsp; &nbsp; &nbsp; &nbsp; &nbsp; &nbsp; &nbsp; &nbsp; &nbsp; &nbsp; - 1 cda. de ají molido (20 gr)&nbsp; &nbsp; &nbsp; &nbsp; &nbsp; &nbsp; &nbsp; &nbsp; &nbsp; &nbsp; &nbsp; &nbsp; &nbsp; &nbsp; &nbsp; &nbsp; &nbsp; &nbsp; &nbsp; &nbsp; &nbsp; &nbsp; &nbsp; &nbsp; &nbsp; &nbsp; &nbsp; &nbsp; &nbsp; &nbsp; &nbsp; &nbsp; &nbsp; &nbsp; &nbsp; &nbsp; &nbsp; &nbsp; &nbsp; &nbsp; &nbsp; &nbsp; &nbsp; &nbsp; &nbsp; &nbsp; &nbsp; &nbsp; &nbsp; &nbsp; &nbsp; &nbsp; &nbsp; &nbsp; &nbsp; &nbsp; - 1 ají verde cortado en tiras (100 gr)&nbsp; &nbsp; &nbsp; &nbsp; &nbsp; &nbsp; &nbsp; &nbsp; &nbsp; &nbsp; &nbsp; &nbsp; &nbsp; &nbsp; &nbsp; &nbsp; &nbsp; &nbsp; &nbsp; &nbsp; &nbsp; &nbsp; &nbsp; &nbsp; &nbsp; &nbsp; &nbsp; &nbsp; &nbsp; &nbsp; &nbsp; &nbsp; &nbsp; &nbsp; &nbsp; &nbsp; &nbsp; &nbsp; &nbsp; &nbsp; &nbsp; &nbsp; &nbsp; &nbsp; &nbsp; &nbsp; &nbsp; &nbsp; &nbsp; &nbsp; - ½ cdta. de orégano (3 gr)Jugo de limón</font></span><br>', 'pescado-a-la-chorrilana.jpg', 'pescado-a-la-chorrilana.jpg', 'pescado-a-la-chorrilana.jpg', 5, 'En Stock', '2021-07-18 03:52:37', NULL),
(27, 2, 4, 'Tacu Tacu a lo macho ', 'Los delfines de Mari', 18, 20, '<div><font face=\"times new roman\" size=\"3\"><span style=\"color: rgb(77, 81, 86);\">Disfruta de un rico&nbsp;</span><span style=\"font-weight: bold; color: rgb(95, 99, 104);\">tacu tacu</span><span style=\"color: rgb(77, 81, 86);\">&nbsp;con pescado a lo&nbsp;</span><span style=\"font-weight: bold; color: rgb(95, 99, 104);\">macho</span></font><span style=\"color: rgb(77, 81, 86); font-family: arial, sans-serif; font-size: 14px;\">.</span><font face=\"times new roman\" size=\"3\"><br></font></div><font face=\"times new roman\" size=\"3\">INGREDIENTES:</font><div><ul style=\"box-sizing: border-box; list-style-position: inside; margin-bottom: 20px; margin-left: 15px; color: rgb(68, 68, 68);\"><li style=\"box-sizing: border-box; list-style-position: inside; list-style-type: square;\"><font face=\"times new roman\" size=\"3\">1/2 kg de menestra cocida: frijol, pallar, garbanzo o lentejas.</font></li><li style=\"box-sizing: border-box; list-style-position: inside; list-style-type: square;\"><font face=\"times new roman\" size=\"3\">1 Cebolla roja</font></li><li style=\"box-sizing: border-box; list-style-position: inside; list-style-type: square;\"><font face=\"times new roman\" size=\"3\">Ají amarillo molido</font></li><li style=\"box-sizing: border-box; list-style-position: inside; list-style-type: square;\"><font face=\"times new roman\" size=\"3\">Ajo molido</font></li><li style=\"box-sizing: border-box; list-style-position: inside; list-style-type: square;\"><font face=\"times new roman\" size=\"3\">Sal, pimienta, comino, orégano, culantro, perejil al gusto.</font></li><li style=\"box-sizing: border-box; list-style-position: inside; list-style-type: square;\"><font face=\"times new roman\" size=\"3\">Pasta de tomate</font></li><li style=\"box-sizing: border-box; list-style-position: inside; list-style-type: square;\"><font face=\"times new roman\" size=\"3\">Mariscos frescos</font></li><li style=\"box-sizing: border-box; list-style-position: inside; list-style-type: square;\"><font face=\"times new roman\" size=\"3\">Vino blanco</font></li><li style=\"box-sizing: border-box; list-style-position: inside; list-style-type: square;\"><font face=\"times new roman\" size=\"3\">Caldo de verduras</font></li><li style=\"box-sizing: border-box; list-style-position: inside; list-style-type: square;\"><font face=\"times new roman\" size=\"3\">Pizca de chuño diluido.</font></li><li style=\"box-sizing: border-box; list-style-position: inside; list-style-type: square;\"><font face=\"times new roman\" style=\"\" size=\"3\">Aceite de oliva</font></li></ul></div>', 'tacu-tacu-a-lo-macho.jpg', 'tacu-tacu-a-lo-macho.png', 'tacu-tacu-a-lo-macho.png', 5, 'En Stock', '2021-07-18 03:57:26', NULL),
(28, 2, 4, 'Pescado a lo macho', 'Los delfines de Mari', 18, 20, '<div><font color=\"#807f7f\" face=\"times new roman\" size=\"3\">INGREDIENTES:</font></div><ul><li><span style=\"color: rgb(128, 127, 127);\"><font face=\"times new roman\" size=\"3\">4 filetes de pescado condimentado con Doña Gusta® Pescado y Mariscos y frito con aceite</font></span></li><li><span style=\"color: rgb(128, 127, 127);\"><font face=\"times new roman\" size=\"3\">250 g mixtura de mariscos</font></span></li><li><span style=\"color: rgb(128, 127, 127);\"><font face=\"times new roman\" size=\"3\">1 tomate pelado y picado</font></span></li><li><span style=\"color: rgb(128, 127, 127);\"><font face=\"times new roman\" size=\"3\">1 cebolla picada</font></span></li><li><span style=\"color: rgb(128, 127, 127);\"><font face=\"times new roman\" size=\"3\">3 cucharadas de pasta de tomate</font></span></li><li><span style=\"color: rgb(128, 127, 127);\"><font face=\"times new roman\" size=\"3\">2 cucharadas de ají amarillo molido</font></span></li><li><span style=\"color: rgb(128, 127, 127);\"><font face=\"times new roman\" size=\"3\">2 cucharadas de aceite</font></span></li><li><span style=\"color: rgb(128, 127, 127);\"><font face=\"times new roman\" size=\"3\">2 cucharadas de margarina</font></span></li><li><span style=\"color: rgb(128, 127, 127);\"><font face=\"times new roman\" size=\"3\">1 cucharada de ajos molidos</font></span></li><li><span style=\"color: rgb(128, 127, 127);\"><font face=\"times new roman\" size=\"3\">½ cucharada de harina</font></span></li><li><span style=\"color: rgb(128, 127, 127);\"><font face=\"times new roman\" size=\"3\">1 taza agua aprox.</font></span></li><li><span style=\"color: rgb(128, 127, 127);\"><font face=\"times new roman\" size=\"3\">? taza pisco</font></span></li><li><span style=\"color: rgb(128, 127, 127);\"><font face=\"times new roman\" size=\"3\">½ vaso cerveza negra (opcional)</font></span></li><li><span style=\"color: rgb(128, 127, 127);\"><font face=\"times new roman\" size=\"3\">1 sobre de Doña Gusta® Pescado y Mariscos</font></span></li><li><span style=\"color: rgb(128, 127, 127);\"><font face=\"times new roman\" style=\"\" size=\"3\">Sal, pimienta y AJI-NO-MOTO® al gusto</font></span></li></ul>', 'pescado-a-lo-macho.png', 'pescado-a-lo-macho.png', 'pescado-a-lo-macho.png', 5, 'En Stock', '2021-07-18 04:19:51', NULL),
(29, 2, 4, 'Pescado al vapor', 'Los delfines de Mari', 20, 22, '<font face=\"times new roman\" size=\"3\"><span style=\"color: rgb(51, 51, 51);\">El&nbsp;</span><strong style=\"box-sizing: inherit; outline: 0px; color: rgb(51, 51, 51);\">pescado</strong><span style=\"color: rgb(51, 51, 51);\">&nbsp;es uno de los alimentos más saludables, deliciosos y versátiles que podemos encontrar, con distintas preparaciones adaptadas a todos los gustos.&nbsp;</span><br></font><div><span style=\"color: rgb(51, 51, 51);\"><font face=\"times new roman\" size=\"3\">INGREDIENTES:</font></span></div><div><ol class=\"list-unstyled text-cookpad-14 xs:text-cookpad-18 divide-y\" dir=\"auto\" style=\"box-sizing: border-box; border: 0px solid currentcolor; --tw-shadow:0 0 transparent; --tw-ring-inset:var(--tw-empty, ); --tw-ring-offset-width:0px; --tw-ring-offset-color:#fff; --tw-ring-color:rgba(59,130,246,0.5); --tw-ring-offset-shadow:0 0 transparent; --tw-ring-shadow:0 0 transparent; margin-bottom: 0px; margin-left: 0px; list-style: none; line-height: 1.75rem; letter-spacing: -0.025em; color: rgb(74, 74, 74);\"><li class=\"leading-tight py-xs border-cookpad-gray-400 border-dashed\" id=\"ingredient_71286037\" style=\"box-sizing: border-box; border-width: 0px; border-style: dashed; border-color: rgba(206,206,205,var(--tw-border-opacity)); border-image: initial; --tw-shadow:0 0 transparent; --tw-ring-inset:var(--tw-empty, ); --tw-ring-offset-width:0px; --tw-ring-offset-color:#fff; --tw-ring-color:rgba(59,130,246,0.5); --tw-ring-offset-shadow:0 0 transparent; --tw-ring-shadow:0 0 transparent; --tw-border-opacity:1; padding-top: 0.25rem; padding-bottom: 0.25rem; line-height: 1.25;\"><div itemprop=\"ingredients\" style=\"box-sizing: border-box; border: 0px solid currentcolor; --tw-shadow:0 0 transparent; --tw-ring-inset:var(--tw-empty, ); --tw-ring-offset-width:0px; --tw-ring-offset-color:#fff; --tw-ring-color:rgba(59,130,246,0.5); --tw-ring-offset-shadow:0 0 transparent; --tw-ring-shadow:0 0 transparent;\"><font face=\"times new roman\" size=\"3\"><bdi class=\"font-semibold\" style=\"box-sizing: border-box; border: 0px solid currentcolor; --tw-shadow:0 0 transparent; --tw-ring-inset:var(--tw-empty, ); --tw-ring-offset-width:0px; --tw-ring-offset-color:#fff; --tw-ring-color:rgba(59,130,246,0.5); --tw-ring-offset-shadow:0 0 transparent; --tw-ring-shadow:0 0 transparent; font-weight: 600;\">1 filetes</bdi>&nbsp;su pescado&nbsp;</font></div></li><li class=\"leading-tight py-xs border-cookpad-gray-400 border-dashed\" id=\"ingredient_71286039\" style=\"box-sizing: border-box; border-top-width: calc(1px*(1 - var(--tw-divide-y-reverse))); border-right-width: 0px; border-bottom-width: calc(1px*var(--tw-divide-y-reverse)); border-left-width: 0px; border-style: dashed; border-color: rgba(206,206,205,var(--tw-border-opacity)); border-image: initial; --tw-shadow:0 0 transparent; --tw-ring-inset:var(--tw-empty, ); --tw-ring-offset-width:0px; --tw-ring-offset-color:#fff; --tw-ring-color:rgba(59,130,246,0.5); --tw-ring-offset-shadow:0 0 transparent; --tw-ring-shadow:0 0 transparent; --tw-border-opacity:1; padding-top: 0.25rem; padding-bottom: 0.25rem; line-height: 1.25; --tw-divide-y-reverse:0;\"><div itemprop=\"ingredients\" style=\"box-sizing: border-box; border: 0px solid currentcolor; --tw-shadow:0 0 transparent; --tw-ring-inset:var(--tw-empty, ); --tw-ring-offset-width:0px; --tw-ring-offset-color:#fff; --tw-ring-color:rgba(59,130,246,0.5); --tw-ring-offset-shadow:0 0 transparent; --tw-ring-shadow:0 0 transparent;\"><font face=\"times new roman\" size=\"3\"><bdi class=\"font-semibold\" style=\"box-sizing: border-box; border: 0px solid currentcolor; --tw-shadow:0 0 transparent; --tw-ring-inset:var(--tw-empty, ); --tw-ring-offset-width:0px; --tw-ring-offset-color:#fff; --tw-ring-color:rgba(59,130,246,0.5); --tw-ring-offset-shadow:0 0 transparent; --tw-ring-shadow:0 0 transparent; font-weight: 600;\">1</bdi>&nbsp;pimiento chico cortado en tiras delgadas</font></div></li><li class=\"leading-tight py-xs border-cookpad-gray-400 border-dashed\" id=\"ingredient_71286040\" style=\"box-sizing: border-box; border-top-width: calc(1px*(1 - var(--tw-divide-y-reverse))); border-right-width: 0px; border-bottom-width: calc(1px*var(--tw-divide-y-reverse)); border-left-width: 0px; border-style: dashed; border-color: rgba(206,206,205,var(--tw-border-opacity)); border-image: initial; --tw-shadow:0 0 transparent; --tw-ring-inset:var(--tw-empty, ); --tw-ring-offset-width:0px; --tw-ring-offset-color:#fff; --tw-ring-color:rgba(59,130,246,0.5); --tw-ring-offset-shadow:0 0 transparent; --tw-ring-shadow:0 0 transparent; --tw-border-opacity:1; padding-top: 0.25rem; padding-bottom: 0.25rem; line-height: 1.25; --tw-divide-y-reverse:0;\"><div itemprop=\"ingredients\" style=\"box-sizing: border-box; border: 0px solid currentcolor; --tw-shadow:0 0 transparent; --tw-ring-inset:var(--tw-empty, ); --tw-ring-offset-width:0px; --tw-ring-offset-color:#fff; --tw-ring-color:rgba(59,130,246,0.5); --tw-ring-offset-shadow:0 0 transparent; --tw-ring-shadow:0 0 transparent;\"><font face=\"times new roman\" size=\"3\"><bdi class=\"font-semibold\" style=\"box-sizing: border-box; border: 0px solid currentcolor; --tw-shadow:0 0 transparent; --tw-ring-inset:var(--tw-empty, ); --tw-ring-offset-width:0px; --tw-ring-offset-color:#fff; --tw-ring-color:rgba(59,130,246,0.5); --tw-ring-offset-shadow:0 0 transparent; --tw-ring-shadow:0 0 transparent; font-weight: 600;\">3 ramas</bdi>&nbsp;cebolla china</font></div></li><li class=\"leading-tight py-xs border-cookpad-gray-400 border-dashed\" id=\"ingredient_71286041\" style=\"box-sizing: border-box; border-top-width: calc(1px*(1 - var(--tw-divide-y-reverse))); border-right-width: 0px; border-bottom-width: calc(1px*var(--tw-divide-y-reverse)); border-left-width: 0px; border-style: dashed; border-color: rgba(206,206,205,var(--tw-border-opacity)); border-image: initial; --tw-shadow:0 0 transparent; --tw-ring-inset:var(--tw-empty, ); --tw-ring-offset-width:0px; --tw-ring-offset-color:#fff; --tw-ring-color:rgba(59,130,246,0.5); --tw-ring-offset-shadow:0 0 transparent; --tw-ring-shadow:0 0 transparent; --tw-border-opacity:1; padding-top: 0.25rem; padding-bottom: 0.25rem; line-height: 1.25; --tw-divide-y-reverse:0;\"><div itemprop=\"ingredients\" style=\"box-sizing: border-box; border: 0px solid currentcolor; --tw-shadow:0 0 transparent; --tw-ring-inset:var(--tw-empty, ); --tw-ring-offset-width:0px; --tw-ring-offset-color:#fff; --tw-ring-color:rgba(59,130,246,0.5); --tw-ring-offset-shadow:0 0 transparent; --tw-ring-shadow:0 0 transparent;\"><font face=\"times new roman\" size=\"3\"><bdi class=\"font-semibold\" style=\"box-sizing: border-box; border: 0px solid currentcolor; --tw-shadow:0 0 transparent; --tw-ring-inset:var(--tw-empty, ); --tw-ring-offset-width:0px; --tw-ring-offset-color:#fff; --tw-ring-color:rgba(59,130,246,0.5); --tw-ring-offset-shadow:0 0 transparent; --tw-ring-shadow:0 0 transparent; font-weight: 600;\"></bdi>Sal y pimienta a gusto</font></div></li><li class=\"leading-tight py-xs border-cookpad-gray-400 border-dashed\" id=\"ingredient_71286042\" style=\"box-sizing: border-box; border-top-width: calc(1px*(1 - var(--tw-divide-y-reverse))); border-right-width: 0px; border-bottom-width: calc(1px*var(--tw-divide-y-reverse)); border-left-width: 0px; border-style: dashed; border-color: rgba(206,206,205,var(--tw-border-opacity)); border-image: initial; --tw-shadow:0 0 transparent; --tw-ring-inset:var(--tw-empty, ); --tw-ring-offset-width:0px; --tw-ring-offset-color:#fff; --tw-ring-color:rgba(59,130,246,0.5); --tw-ring-offset-shadow:0 0 transparent; --tw-ring-shadow:0 0 transparent; --tw-border-opacity:1; padding-top: 0.25rem; padding-bottom: 0.25rem; line-height: 1.25; --tw-divide-y-reverse:0;\"><div itemprop=\"ingredients\" style=\"box-sizing: border-box; border: 0px solid currentcolor; --tw-shadow:0 0 transparent; --tw-ring-inset:var(--tw-empty, ); --tw-ring-offset-width:0px; --tw-ring-offset-color:#fff; --tw-ring-color:rgba(59,130,246,0.5); --tw-ring-offset-shadow:0 0 transparent; --tw-ring-shadow:0 0 transparent;\"><font face=\"times new roman\" size=\"3\"><bdi class=\"font-semibold\" style=\"box-sizing: border-box; border: 0px solid currentcolor; --tw-shadow:0 0 transparent; --tw-ring-inset:var(--tw-empty, ); --tw-ring-offset-width:0px; --tw-ring-offset-color:#fff; --tw-ring-color:rgba(59,130,246,0.5); --tw-ring-offset-shadow:0 0 transparent; --tw-ring-shadow:0 0 transparent; font-weight: 600;\">1/2 cucharadita</bdi>&nbsp;salsa inglesa</font></div></li><li class=\"leading-tight py-xs border-cookpad-gray-400 border-dashed\" id=\"ingredient_71286043\" style=\"box-sizing: border-box; border-top-width: calc(1px*(1 - var(--tw-divide-y-reverse))); border-right-width: 0px; border-bottom-width: calc(1px*var(--tw-divide-y-reverse)); border-left-width: 0px; border-style: dashed; border-color: rgba(206,206,205,var(--tw-border-opacity)); border-image: initial; --tw-shadow:0 0 transparent; --tw-ring-inset:var(--tw-empty, ); --tw-ring-offset-width:0px; --tw-ring-offset-color:#fff; --tw-ring-color:rgba(59,130,246,0.5); --tw-ring-offset-shadow:0 0 transparent; --tw-ring-shadow:0 0 transparent; --tw-border-opacity:1; padding-top: 0.25rem; padding-bottom: 0.25rem; line-height: 1.25; --tw-divide-y-reverse:0;\"><div itemprop=\"ingredients\" style=\"box-sizing: border-box; border: 0px solid currentcolor; --tw-shadow:0 0 transparent; --tw-ring-inset:var(--tw-empty, ); --tw-ring-offset-width:0px; --tw-ring-offset-color:#fff; --tw-ring-color:rgba(59,130,246,0.5); --tw-ring-offset-shadow:0 0 transparent; --tw-ring-shadow:0 0 transparent;\"><font face=\"times new roman\" size=\"3\"><bdi class=\"font-semibold\" style=\"box-sizing: border-box; border: 0px solid currentcolor; --tw-shadow:0 0 transparent; --tw-ring-inset:var(--tw-empty, ); --tw-ring-offset-width:0px; --tw-ring-offset-color:#fff; --tw-ring-color:rgba(59,130,246,0.5); --tw-ring-offset-shadow:0 0 transparent; --tw-ring-shadow:0 0 transparent; font-weight: 600;\">1/2 cucharadita</bdi>&nbsp;salsa de soya claro</font></div></li><li class=\"leading-tight py-xs border-cookpad-gray-400 border-dashed\" id=\"ingredient_71286044\" style=\"box-sizing: border-box; border-top-width: calc(1px*(1 - var(--tw-divide-y-reverse))); border-right-width: 0px; border-bottom-width: calc(1px*var(--tw-divide-y-reverse)); border-left-width: 0px; border-style: dashed; border-color: rgba(206,206,205,var(--tw-border-opacity)); border-image: initial; --tw-shadow:0 0 transparent; --tw-ring-inset:var(--tw-empty, ); --tw-ring-offset-width:0px; --tw-ring-offset-color:#fff; --tw-ring-color:rgba(59,130,246,0.5); --tw-ring-offset-shadow:0 0 transparent; --tw-ring-shadow:0 0 transparent; --tw-border-opacity:1; padding-top: 0.25rem; padding-bottom: 0.25rem; line-height: 1.25; --tw-divide-y-reverse:0;\"><div itemprop=\"ingredients\" style=\"box-sizing: border-box; border: 0px solid currentcolor; --tw-shadow:0 0 transparent; --tw-ring-inset:var(--tw-empty, ); --tw-ring-offset-width:0px; --tw-ring-offset-color:#fff; --tw-ring-color:rgba(59,130,246,0.5); --tw-ring-offset-shadow:0 0 transparent; --tw-ring-shadow:0 0 transparent;\"><font face=\"times new roman\" style=\"\" size=\"3\"><bdi class=\"font-semibold\" style=\"box-sizing: border-box; border: 0px solid currentcolor; --tw-shadow:0 0 transparent; --tw-ring-inset:var(--tw-empty, ); --tw-ring-offset-width:0px; --tw-ring-offset-color:#fff; --tw-ring-color:rgba(59,130,246,0.5); --tw-ring-offset-shadow:0 0 transparent; --tw-ring-shadow:0 0 transparent; font-weight: 600;\">1 cucharadita</bdi>&nbsp;vinagre chino</font></div></li></ol></div>', 'pescado-al-vapor.jpg', 'pescado-al-vapor.png', 'pescado-al-vapor.png', 5, 'En Stock', '2021-07-18 04:23:15', NULL),
(30, 2, 4, 'Picante de mariscos(langostino,calamar,pulpo,concha de abanico,lapa)', 'Los delfines de Mari', 13, 15, '<font face=\"times new roman\" size=\"3\"><span style=\"color: rgb(58, 58, 58);\">&nbsp;Un emblemático plato de nuestra gastronomía que&nbsp;</span><span style=\"border: 0px; margin: 0px; padding: 0px; font-weight: 700; color: rgb(58, 58, 58);\">se caracteriza por tener entre sus ingredientes varios tipos de ajíes autóctonos</span><span style=\"color: rgb(58, 58, 58);\">. ¡Sigue con nosotros y&nbsp; a comer!</span><br></font><div><span style=\"color: rgb(58, 58, 58);\"><font face=\"times new roman\" size=\"3\">INGREDIENTES:</font></span></div><div><ul style=\"border: 0px; margin-bottom: 1.5em; margin-left: 3em; list-style-position: initial; list-style-image: initial; color: rgb(58, 58, 58);\"><li style=\"border: 0px; margin: 0px; padding: 0px;\"><font face=\"times new roman\" size=\"3\">200 gramos de langostinos</font></li><li style=\"border: 0px; margin: 0px; padding: 0px;\"><font face=\"times new roman\" size=\"3\">100 gramos de lapa cocida</font></li><li style=\"border: 0px; margin: 0px; padding: 0px;\"><font face=\"times new roman\" size=\"3\">150 gramos de calamar</font></li><li style=\"border: 0px; margin: 0px; padding: 0px;\"><font face=\"times new roman\" size=\"3\">100 gramos de pulpo cocido</font></li><li style=\"border: 0px; margin: 0px; padding: 0px;\"><font face=\"times new roman\" size=\"3\">70 gramos de caracol cocido</font></li><li style=\"border: 0px; margin: 0px; padding: 0px;\"><font face=\"times new roman\" size=\"3\">4 unidades de concha de abanico</font></li><li style=\"border: 0px; margin: 0px; padding: 0px;\"><font face=\"times new roman\" size=\"3\">1 cucharadita de ají amarillo fresco</font></li><li style=\"border: 0px; margin: 0px; padding: 0px;\"><font face=\"times new roman\" size=\"3\">1 cucharadita de ají amarillo seco</font></li><li style=\"border: 0px; margin: 0px; padding: 0px;\"><font face=\"times new roman\" size=\"3\">1 cucharadita de ají colorado</font></li><li style=\"border: 0px; margin: 0px; padding: 0px;\"><font face=\"times new roman\" size=\"3\">1 cucharada de ajo molido</font></li><li style=\"border: 0px; margin: 0px; padding: 0px;\"><font face=\"times new roman\" size=\"3\">1 cebolla cortada en pequeños cuadros</font></li><li style=\"border: 0px; margin: 0px; padding: 0px;\"><font face=\"times new roman\" size=\"3\">1/3 taza de fondo de pescado</font></li><li style=\"border: 0px; margin: 0px; padding: 0px;\"><font face=\"times new roman\" size=\"3\">3/4 taza de crema de leche</font></li><li style=\"border: 0px; margin: 0px; padding: 0px;\"><font face=\"times new roman\" size=\"3\">2 rodajas de rocoto</font></li><li style=\"border: 0px; margin: 0px; padding: 0px;\"><font face=\"times new roman\" size=\"3\">Medio vaso de vino blanco</font></li><li style=\"border: 0px; margin: 0px; padding: 0px;\"><font face=\"times new roman\" size=\"3\">Culantro al gusto</font></li><li style=\"border: 0px; margin: 0px; padding: 0px;\"><font face=\"times new roman\" size=\"3\">Sal y pimienta al gusto</font></li><li style=\"border: 0px; margin: 0px; padding: 0px;\"><font face=\"times new roman\" size=\"3\">Queso parmesano al gusto</font></li><li style=\"border: 0px; margin: 0px; padding: 0px;\"><font face=\"times new roman\" style=\"\" size=\"3\">Aceite</font></li></ul></div>', 'picante-de-mariscos.jpg', 'picante-de-mariscos.jpg', 'picante-de-mariscos.jpg', 5, 'En Stock', '2021-07-18 04:27:19', NULL),
(31, 3, 7, 'Porcion de arroz', 'Los delfines de Mari', 3, 5, 'Porcion de arroz', 'porcion-de-arroz.jpg', 'porcion-de-arroz.png', 'porcion-de-arroz.png', 5, 'En Stock', '2021-07-18 04:31:57', NULL),
(32, 3, 7, 'Porcion de arroz con mariscos', 'Los delfines de Mari', 3, 5, 'Porción de arroz con mariscos<br>', 'porcion-de-arroz-con-mariscos.jpg', 'porcion-de-arroz-con-mariscos.jpg', 'porcion-de-arroz-con-mariscos.jpg', 5, 'En Stock', '2021-07-18 04:32:58', NULL),
(33, 3, 6, 'Porcion de camote', 'Los delfines de Mari', 3, 5, 'Porción de camote<br>', 'porcion-de-camote.jpg', 'porcion-de-camote.jpg', 'porcion-de-camote.jpg', 5, 'En Stock', '2021-07-18 04:33:30', NULL),
(34, 3, 7, 'Porcion de yuca ', 'Los delfines de Mari', 3, 5, 'Porción de yuca&nbsp;<br>', 'porcion-de-yuca.png', 'porcion-de-yuca.png', 'porcion-de-yuca.png', 5, 'En Stock', '2021-07-18 04:33:58', NULL),
(35, 2, 4, 'Jalea de pescado', 'Los delfines de Mari', 23, 25, '<span style=\"color: rgb(51, 51, 51); font-family: Raleway, sans-serif; font-size: 15px;\">La jalea es un plato de pescado y mariscos fritos que se sirve con yuca frita y chifles, que son láminas fritas de plátano verde. La salsa criolla, las cremas de ají, la mayonesa y el limón no pueden faltar. Aunque es muy fácil de hacer en casa, lo normal es que la gente vaya a las cevicherías para ordenar una jalea.&nbsp;</span><div><font color=\"#333333\" face=\"Raleway, sans-serif\"><span style=\"font-size: 15px;\">&nbsp; INGREDIENTES:<br></span></font><div><ul style=\"margin-bottom: 20px; margin-left: 0px; border: 0px; font-variant-numeric: inherit; font-variant-east-asian: inherit; font-stretch: inherit; font-size: 15px; line-height: inherit; font-family: Raleway, sans-serif; vertical-align: baseline; list-style: none; color: rgb(51, 51, 51);\"><li class=\"ingredient\" style=\"margin: 0px 0px 10px; padding: 0px; border: 0px; font: inherit; vertical-align: baseline; display: flex;\"><span class=\"quantity\" style=\"margin: 0px; padding: 0px; border: 0px; font-style: inherit; font-variant: inherit; font-weight: 700; font-stretch: inherit; font-size: inherit; line-height: inherit; font-family: inherit; vertical-align: baseline; width: 55px; text-align: right; color: rgb(112, 188, 175); white-space: nowrap; letter-spacing: 1.5px;\">&nbsp;1</span><span class=\"unitOfMeasure\" style=\"margin: 0px; padding: 0px; border: 0px; font: inherit; vertical-align: baseline;\"></span><span class=\"description\" style=\"margin: 0px 0px 0px 10px; padding: 0px; border: 0px; font: inherit; vertical-align: baseline; width: 639.734px;\">libra de filete de pescado</span></li><li class=\"ingredient\" style=\"margin: 0px 0px 10px; padding: 0px; border: 0px; font: inherit; vertical-align: baseline; display: flex;\"><span class=\"quantity\" style=\"margin: 0px; padding: 0px; border: 0px; font-style: inherit; font-variant: inherit; font-weight: 700; font-stretch: inherit; font-size: inherit; line-height: inherit; font-family: inherit; vertical-align: baseline; width: 55px; text-align: right; color: rgb(112, 188, 175); white-space: nowrap; letter-spacing: 1.5px;\"></span><span class=\"unitOfMeasure\" style=\"margin: 0px; padding: 0px; border: 0px; font: inherit; vertical-align: baseline;\"></span><span class=\"description\" style=\"margin: 0px 0px 0px 10px; padding: 0px; border: 0px; font: inherit; vertical-align: baseline; width: 639.734px;\">Sal y pimienta</span></li><li class=\"ingredient\" style=\"margin: 0px 0px 10px; padding: 0px; border: 0px; font: inherit; vertical-align: baseline; display: flex;\"><span class=\"quantity\" style=\"margin: 0px; padding: 0px; border: 0px; font-style: inherit; font-variant: inherit; font-weight: 700; font-stretch: inherit; font-size: inherit; line-height: inherit; font-family: inherit; vertical-align: baseline; width: 55px; text-align: right; color: rgb(112, 188, 175); white-space: nowrap; letter-spacing: 1.5px;\">1</span><span class=\"unitOfMeasure\" style=\"margin: 0px; padding: 0px; border: 0px; font: inherit; vertical-align: baseline;\"></span><span class=\"description\" style=\"margin: 0px 0px 0px 10px; padding: 0px; border: 0px; font: inherit; vertical-align: baseline; width: 639.734px;\">diente de ajo, molido</span></li><li class=\"ingredient\" style=\"margin: 0px 0px 10px; padding: 0px; border: 0px; font: inherit; vertical-align: baseline; display: flex;\"><span class=\"quantity\" style=\"margin: 0px; padding: 0px; border: 0px; font-style: inherit; font-variant: inherit; font-weight: 700; font-stretch: inherit; font-size: inherit; line-height: inherit; font-family: inherit; vertical-align: baseline; width: 55px; text-align: right; color: rgb(112, 188, 175); white-space: nowrap; letter-spacing: 1.5px;\"></span><span class=\"unitOfMeasure\" style=\"margin: 0px; padding: 0px; border: 0px; font: inherit; vertical-align: baseline;\"></span><span class=\"description\" style=\"margin: 0px 0px 0px 10px; padding: 0px; border: 0px; font: inherit; vertical-align: baseline; width: 639.734px;\">El jugo de 1 limón</span></li><li class=\"ingredient\" style=\"margin: 0px 0px 10px; padding: 0px; border: 0px; font: inherit; vertical-align: baseline; display: flex;\"><span class=\"quantity\" style=\"margin: 0px; padding: 0px; border: 0px; font-style: inherit; font-variant: inherit; font-weight: 700; font-stretch: inherit; font-size: inherit; line-height: inherit; font-family: inherit; vertical-align: baseline; width: 55px; text-align: right; color: rgb(112, 188, 175); white-space: nowrap; letter-spacing: 1.5px;\">1/2</span><span class=\"unitOfMeasure\" style=\"margin: 0px; padding: 0px; border: 0px; font: inherit; vertical-align: baseline;\"></span><span class=\"description\" style=\"margin: 0px 0px 0px 10px; padding: 0px; border: 0px; font: inherit; vertical-align: baseline; width: 639.734px;\">taza de harina sin preparar, mezclada con harina de arroz o maicena</span></li><li class=\"ingredient\" style=\"margin: 0px 0px 10px; padding: 0px; border: 0px; font: inherit; vertical-align: baseline; display: flex;\"><span class=\"quantity\" style=\"margin: 0px; padding: 0px; border: 0px; font-style: inherit; font-variant: inherit; font-weight: 700; font-stretch: inherit; font-size: inherit; line-height: inherit; font-family: inherit; vertical-align: baseline; width: 55px; text-align: right; color: rgb(112, 188, 175); white-space: nowrap; letter-spacing: 1.5px;\">3</span><span class=\"unitOfMeasure\" style=\"margin: 0px; padding: 0px; border: 0px; font: inherit; vertical-align: baseline;\"></span><span class=\"description\" style=\"margin: 0px 0px 0px 10px; padding: 0px; border: 0px; font: inherit; vertical-align: baseline; width: 639.734px;\">tazas de aceite vegetal</span></li><li class=\"ingredient\" style=\"margin: 0px 0px 10px; padding: 0px; border: 0px; font: inherit; vertical-align: baseline; display: flex;\"><span class=\"quantity\" style=\"margin: 0px; padding: 0px; border: 0px; font-style: inherit; font-variant: inherit; font-weight: 700; font-stretch: inherit; font-size: inherit; line-height: inherit; font-family: inherit; vertical-align: baseline; width: 55px; text-align: right; color: rgb(112, 188, 175); white-space: nowrap; letter-spacing: 1.5px;\">2</span><span class=\"unitOfMeasure\" style=\"margin: 0px; padding: 0px; border: 0px; font: inherit; vertical-align: baseline;\"></span><span class=\"description\" style=\"margin: 0px 0px 0px 10px; padding: 0px; border: 0px; font: inherit; vertical-align: baseline; width: 639.734px;\">plátanos verdes, pelados, cortados en rodajitas finas (a lo largo o a lo ancho)</span></li><li class=\"ingredient\" style=\"margin: 0px 0px 10px; padding: 0px; border: 0px; font: inherit; vertical-align: baseline; display: flex;\"><span class=\"quantity\" style=\"margin: 0px; padding: 0px; border: 0px; font-style: inherit; font-variant: inherit; font-weight: 700; font-stretch: inherit; font-size: inherit; line-height: inherit; font-family: inherit; vertical-align: baseline; width: 55px; text-align: right; color: rgb(112, 188, 175); white-space: nowrap; letter-spacing: 1.5px;\">1</span><span class=\"unitOfMeasure\" style=\"margin: 0px; padding: 0px; border: 0px; font: inherit; vertical-align: baseline;\"></span><span class=\"description\" style=\"margin: 0px 0px 0px 10px; padding: 0px; border: 0px; font: inherit; vertical-align: baseline; width: 639.734px;\">libra de yuca cocida y cortada en bastones</span></li><li class=\"ingredient\" style=\"margin: 0px 0px 10px; padding: 0px; border: 0px; font: inherit; vertical-align: baseline; display: flex;\"><span class=\"quantity\" style=\"margin: 0px; padding: 0px; border: 0px; font-style: inherit; font-variant: inherit; font-weight: 700; font-stretch: inherit; font-size: inherit; line-height: inherit; font-family: inherit; vertical-align: baseline; width: 55px; text-align: right; color: rgb(112, 188, 175); white-space: nowrap; letter-spacing: 1.5px;\"></span><span class=\"unitOfMeasure\" style=\"margin: 0px; padding: 0px; border: 0px; font: inherit; vertical-align: baseline;\"></span><span class=\"description\" style=\"margin: 0px 0px 0px 10px; padding: 0px; border: 0px; font: inherit; vertical-align: baseline; width: 639.734px;\">Limones cortados en cuatro</span></li></ul></div></div>', 'jalea-de-pescado.jpg', 'jalea-de-pescado.png', 'jalea-de-pescado.png', 5, 'En Stock', '2021-07-18 04:36:56', NULL),
(36, 4, 8, 'Bistec a lo pobre', 'Los delfines de Mari', 13, 15, '<span style=\"color: rgb(84, 84, 84); font-family: &quot;Open Sans&quot;; font-size: 14px; orphans: 3; widows: 3;\">El bistec a lo pobre, a pesar de su nombre, es uno de los platillos más deliciosos y contundentes que existen en la gastronomía, y que de pobre no tienen nada. Su mezcla de sabores dulces y salados lo hace irresistible ante la mayoría de paladares. Asimismo, su fácil preparación hace que sea muy incluido en los menús semanales de todas las familias. Aunque debido a su alto contenido en grasas, es recomendable no excederse con este platillo.</span><br><div><span style=\"color: rgb(84, 84, 84); font-family: &quot;Open Sans&quot;; font-size: 14px; orphans: 3; widows: 3;\">INGREDIENTES:</span></div><div><span style=\"orphans: 3; widows: 3; font-size: 14px;\"><font color=\"#545454\" face=\"Open Sans\"><div style=\"\"><ul><li>5 cortes de bistec</li><li>1 kilo de papa</li><li>5 plátanos de isla maduros</li><li>5 huevos</li><li>2 tazas de arroz</li><li>2 tazas de agua</li><li>3 dientes de ajo</li><li>Aceite</li><li>Sal y pimienta al gusto</li><li>Huevo</li></ul></div></font></span></div><div><span style=\"color: rgb(84, 84, 84); font-family: &quot;Open Sans&quot;; font-size: 14px; orphans: 3; widows: 3;\"><br></span></div>', 'bistec-a-lo-pobre.jpg', 'bistec-a-lo-pobre.jpg', 'bistec-a-lo-pobre.jpg', 5, 'En Stock', '2021-07-18 04:41:20', NULL),
(37, 4, 8, 'Bistec con papas fritas y ensalada', 'Los delfines de Mari', 10, 12, '<ul style=\"box-sizing: border-box; list-style-type: none; color: rgb(51, 51, 51);\"><li style=\"font-size: 15px; font-family: &quot;Open Sans&quot;, Helvetica, Arial, sans-serif; box-sizing: border-box; line-height: 1.5; margin-bottom: 6px; padding-left: 5px;\"><span style=\"box-sizing: border-box;\">INGREDIENTES:</span></li><li><span style=\"font-family: &quot;times new roman&quot;; font-size: medium; color: rgb(51, 51, 51);\">2 bistec de&nbsp;</span><a href=\"https://recetascomidas.com/recetas-con/ternera\" style=\"font-family: &quot;times new roman&quot;; font-size: medium; background-color: transparent; box-sizing: border-box; color: rgb(197, 59, 93); transition: all 0.1s ease-in-out 0s; font-weight: 700;\">ternera</a></li><li><span style=\"font-family: &quot;times new roman&quot;; font-size: medium; color: rgb(51, 51, 51);\">&nbsp;</span><span style=\"font-family: &quot;times new roman&quot;; font-size: medium; color: rgb(51, 51, 51); box-sizing: border-box;\">1 patata grande</span></li><li><span style=\"font-family: &quot;times new roman&quot;; font-size: medium; color: rgb(51, 51, 51);\">&nbsp;</span><span style=\"font-family: &quot;times new roman&quot;; font-size: medium; color: rgb(51, 51, 51); box-sizing: border-box;\">1 tarrito de espárragos verdes cocidos</span></li><li><span style=\"font-family: &quot;times new roman&quot;; font-size: medium; color: rgb(51, 51, 51);\">&nbsp;</span><span style=\"font-family: &quot;times new roman&quot;; font-size: medium; color: rgb(51, 51, 51); box-sizing: border-box;\">Aceite de oliva para freír</span></li><li><span style=\"font-family: &quot;times new roman&quot;; font-size: medium; color: rgb(51, 51, 51);\">&nbsp;</span><span style=\"font-family: &quot;times new roman&quot;; font-size: medium; color: rgb(51, 51, 51); box-sizing: border-box;\">2 cucharaditas de mostaza</span></li><li><span style=\"font-family: &quot;times new roman&quot;; font-size: medium; color: rgb(51, 51, 51);\">&nbsp;</span><span style=\"font-family: &quot;times new roman&quot;; font-size: medium; color: rgb(51, 51, 51); box-sizing: border-box;\">Pimienta molida negra</span></li><li><span style=\"font-family: &quot;times new roman&quot;; font-size: medium; color: rgb(51, 51, 51);\">&nbsp;</span><span style=\"font-family: &quot;times new roman&quot;; font-size: medium; color: rgb(51, 51, 51); box-sizing: border-box;\">Sal</span></li><li><span style=\"font-family: &quot;times new roman&quot;; font-size: medium; color: rgb(51, 51, 51); box-sizing: border-box;\">&nbsp;Lechuga</span></li></ul>', 'bistec-con-papas-fritas-y-ensalada.jpg', 'bistec-con-papas-fritas-y-ensalada.jpg', 'bistec-con-papas-fritas-y-ensalada.jpg', 5, 'En Stock', '2021-07-18 04:46:38', NULL),
(38, 4, 8, 'Chaufa de pollo', 'Los delfines de Mari', 13, 15, '<font face=\"times new roman\" size=\"3\"><span style=\"color: rgb(34, 34, 34);\">El arroz chaufa es un plato de origen peruano preparado a base de arroz frito, carne, salsa de soya (sillao) y otras especies. Este plato es uno de los más representativos de la&nbsp;</span><span style=\"margin: 0px; padding: 0px; box-sizing: border-box; font-weight: 700; color: rgb(34, 34, 34);\">fusión de la cocina china-cantonesa y la cocina peruana</span><span style=\"color: rgb(34, 34, 34);\">.&nbsp;</span><br></font><div><font color=\"#222222\" face=\"times new roman\" size=\"3\">INGREDIENTES:</font></div><div><font color=\"#222222\" face=\"times new roman\" size=\"3\"><div style=\"\"><ul style=\"\"><li style=\"\">4 tazas de arroz</li><li style=\"\">500 gramos de pechuga de pollo</li><li style=\"\">4 huevos</li><li style=\"\">1 taza de cebolla china picada (separa la parte blanca de la verde)</li><li style=\"\">2 cucharadas de ajo molido</li><li style=\"\">2 cucharadas de kion (jenjibre) rallado</li><li style=\"\">1 pimiento rojo cortado en tiras</li><li style=\"\">Sillao (salsa de soya) al gusto</li><li style=\"\">Ajinomoto al gusto (opcional)</li><li style=\"\">Aceite vegetal</li><li style=\"\">Sal y pimienta al gusto</li></ul></div></font></div>', 'chaufa-de-pollo.jpg', 'chaufa-de-pollo.jpg', 'chaufa-de-pollo.jpg', 5, 'En Stock', '2021-07-18 04:48:12', NULL),
(39, 4, 8, 'Cilindro al chancho', 'Los delfines de Mari', 23, 25, '<font face=\"times new roman\" size=\"3\"><span style=\"color: rgb(40, 40, 40); text-align: justify;\">El enemigo de toda dieta es un Chancho al cilindro pues el aroma, textura y sabor de este&nbsp;</span><span style=\"box-sizing: inherit; border: 0px; font-weight: 700; margin: 0px; outline: 0px; padding: 0px; vertical-align: baseline; color: rgb(40, 40, 40); text-align: justify;\">delicioso platillo</span><span style=\"color: rgb(40, 40, 40); text-align: justify;\">&nbsp;te envuelve como si fuera una tentación de la cual no puedes escapar ni resistirte a comer.</span><br></font><div style=\"text-align: justify;\"><font color=\"#282828\" face=\"times new roman\" size=\"3\">INGREDIENTES:</font></div><div style=\"text-align: justify;\"><ul style=\"box-sizing: inherit; border: 0px; margin-bottom: 1.5em; margin-left: 3em; outline: 0px; vertical-align: baseline; list-style-position: initial; list-style-image: initial; color: rgb(40, 40, 40); text-align: start;\"><li style=\"box-sizing: inherit; border: 0px; font-style: inherit; font-weight: inherit; margin: 0px; outline: 0px; padding: 0px; vertical-align: baseline; text-align: justify;\"><font face=\"times new roman\" size=\"3\">6 kg de costillar de chancho</font></li><li style=\"box-sizing: inherit; border: 0px; font-style: inherit; font-weight: inherit; margin: 0px; outline: 0px; padding: 0px; vertical-align: baseline; text-align: justify;\"><font face=\"times new roman\" size=\"3\">350 ml de vinagre</font></li><li style=\"box-sizing: inherit; border: 0px; font-style: inherit; font-weight: inherit; margin: 0px; outline: 0px; padding: 0px; vertical-align: baseline; text-align: justify;\"><font face=\"times new roman\" size=\"3\">3 cucharada de sal marina o la de tu preferencia</font></li><li style=\"box-sizing: inherit; border: 0px; font-style: inherit; font-weight: inherit; margin: 0px; outline: 0px; padding: 0px; vertical-align: baseline; text-align: justify;\"><font face=\"times new roman\" style=\"\" size=\"3\">5 tazas de agua</font></li></ul></div><div style=\"text-align: justify;\"><font color=\"#282828\" face=\"Open Sans, sans-serif\"><span style=\"font-size: 19px;\"><br></span></font></div>', 'Cilindro-al-chancho.jpg', 'Cilindro-al-chancho.jpg', 'Cilindro-al-chancho.jpg', 5, 'En Stock', '2021-07-18 04:49:25', NULL);
INSERT INTO `products` (`id`, `category`, `subCategory`, `productName`, `productCompany`, `productPrice`, `productPriceBeforeDiscount`, `productDescription`, `productImage1`, `productImage2`, `productImage3`, `shippingCharge`, `productAvailability`, `postingDate`, `updationDate`) VALUES
(40, 4, 8, 'Pechuga a la plancha', 'Los delfines de Mari', 10, 12, '<font face=\"times new roman\" size=\"3\"><span style=\"color: rgb(51, 51, 51);\">Muchas personas consumen esta comida cuando están a dieta, e inclusive es recomendada por los médicos cuando precisas perder ciertos kilogramos de más.&nbsp;No solo&nbsp;</span><a data-ail=\"1255\" target=\"_self\" href=\"https://www.recetasconpollo.org/\" title=\"pollo2\" style=\"box-sizing: inherit; margin: 0px; padding: 0px; outline: 0px; color: rgb(33, 150, 243);\">pollo</a><span style=\"color: rgb(51, 51, 51);\">&nbsp;sino más bien asimismo bisté y vegetales cocidos de esta forma se llaman a la plancha o bien asados.</span><br></font><div><font color=\"#333333\" face=\"times new roman\" size=\"3\">INGREDIENTES:</font></div><div><ul style=\"box-sizing: inherit; margin-bottom: 1.5rem; margin-left: 0px; padding-left: 2rem; outline: 0px; color: rgb(51, 51, 51);\"><li style=\"box-sizing: inherit; margin: 0px 0px 1rem; padding: 0px; outline: 0px;\"><font face=\"times new roman\" size=\"3\">500&nbsp;gramos&nbsp;de pechuga de pollo dividida en 4 filetes,</font></li><li style=\"box-sizing: inherit; margin: 0px 0px 1rem; padding: 0px; outline: 0px;\"><font face=\"times new roman\" size=\"3\">Sal al gusto,</font></li><li style=\"box-sizing: inherit; margin: 0px 0px 1rem; padding: 0px; outline: 0px;\"><font face=\"times new roman\" size=\"3\">½&nbsp;cucharadita&nbsp;de ajo en polvo,</font></li><li style=\"box-sizing: inherit; margin: 0px 0px 1rem; padding: 0px; outline: 0px;\"><font face=\"times new roman\" size=\"3\">½&nbsp;cucharadita&nbsp;de comino molido,</font></li><li style=\"box-sizing: inherit; margin: 0px 0px 1rem; padding: 0px; outline: 0px;\"><font face=\"times new roman\" size=\"3\">½&nbsp;cucharadita&nbsp;de pimienta molida,</font></li><li style=\"box-sizing: inherit; margin: 0px 0px 1rem; padding: 0px; outline: 0px;\"><font face=\"times new roman\" size=\"3\">½&nbsp;cucharadita&nbsp;de orégano mexicano seco,</font></li><li style=\"box-sizing: inherit; margin: 0px 0px 1rem; padding: 0px; outline: 0px;\"><font face=\"times new roman\" size=\"3\">1 ½&nbsp;cucharada&nbsp;de jugo de limón,</font></li><li style=\"box-sizing: inherit; margin: 0px 0px 1rem; padding: 0px; outline: 0px;\"><font face=\"times new roman\" style=\"\" size=\"3\">aceite vegetal.</font></li></ul></div>', 'prechuga-a-la-plancha.png', 'prechuga-a-la-plancha.png', 'prechuga-a-la-plancha.png', 5, 'En Stock', '2021-07-18 04:50:49', NULL),
(41, 4, 8, 'Tallarin saltado', 'Los delfines de Mari', 13, 15, '<font face=\"times new roman\" size=\"3\"><span style=\"color: rgb(58, 58, 58);\">El&nbsp;Tallarín Saltado Criollo&nbsp;es uno de esos platos la gastronomía peruana tiene que agradecer a la cocina oriental china, que es muy popular por su increíble sabor.</span><br></font><div><span style=\"color: rgb(58, 58, 58);\"><font face=\"times new roman\" size=\"3\">INGREDIENTES:</font></span></div><div><ul style=\"border: 0px; margin-bottom: 1.5em; margin-left: 3em; list-style-position: initial; list-style-image: initial; color: rgb(58, 58, 58);\"><li style=\"border: 0px; margin: 0px; padding: 0px;\"><font face=\"times new roman\" size=\"3\">1/2&nbsp;kg.&nbsp;de carne de res&nbsp;preferiblemente lomo cortado en tiras</font></li><li style=\"border: 0px; margin: 0px; padding: 0px;\"><font face=\"times new roman\" size=\"3\">1/2&nbsp;kg.&nbsp;de fideos tallarines</font></li><li style=\"border: 0px; margin: 0px; padding: 0px;\"><font face=\"times new roman\" size=\"3\">1&nbsp;cebolla roja grande cortada en tiras</font></li><li style=\"border: 0px; margin: 0px; padding: 0px;\"><font face=\"times new roman\" size=\"3\">1&nbsp;tomate grande cortado en tiras</font></li><li style=\"border: 0px; margin: 0px; padding: 0px;\"><font face=\"times new roman\" size=\"3\">4&nbsp;ramas de cebollitas chinas cortadas en trozos</font></li><li style=\"border: 0px; margin: 0px; padding: 0px;\"><font face=\"times new roman\" size=\"3\">1/2&nbsp;pimiento rojo cortado en tiras</font></li><li style=\"border: 0px; margin: 0px; padding: 0px;\"><font face=\"times new roman\" size=\"3\">1&nbsp;ají amarillo cortado en juliana</font></li><li style=\"border: 0px; margin: 0px; padding: 0px;\"><font face=\"times new roman\" size=\"3\">1&nbsp;cucharada&nbsp;de ajo molido natural&nbsp;no en polvo</font></li><li style=\"border: 0px; margin: 0px; padding: 0px;\"><font face=\"times new roman\" size=\"3\">1&nbsp;cucharada&nbsp;de kion&nbsp;de preferencia natural</font></li><li style=\"border: 0px; margin: 0px; padding: 0px;\"><font face=\"times new roman\" size=\"3\">50 gramos de perejil fresco picado</font></li><li style=\"border: 0px; margin: 0px; padding: 0px;\"><font face=\"times new roman\" size=\"3\">Sillao</font></li><li style=\"border: 0px; margin: 0px; padding: 0px;\"><font face=\"times new roman\" size=\"3\">Aceite de oliva</font></li><li style=\"border: 0px; margin: 0px; padding: 0px;\"><font face=\"times new roman\" size=\"3\">Aceite de ajonjolí</font></li><li style=\"border: 0px; margin: 0px; padding: 0px;\"><font face=\"times new roman\" size=\"3\">Vinagre al gusto</font></li><li style=\"border: 0px; margin: 0px; padding: 0px;\"><font face=\"times new roman\" style=\"\" size=\"3\">Sal, pimienta y comino al gusto</font></li></ul></div>', 'tallarin-saltado.jpg', 'tallarin-saltado.png', 'tallarin-saltado.png', 5, 'En Stock', '2021-07-18 04:53:12', NULL),
(42, 2, 4, 'Parihuela en trozo de pescado y mariscos', 'Los delfines de Mari', 20, 22, '<font face=\"times new roman\" size=\"3\"><span style=\"color: rgb(44, 48, 50);\">En Perú la conocen como el famoso “</span><span style=\"font-weight: 600; color: rgb(44, 48, 50);\">levanta muerto</span><span style=\"color: rgb(44, 48, 50);\">” que a más de uno, ha ayudado a levantarse después de una noche de fiesta. También como un plato afrodisíaco que acompaña con las palabras “</span><span style=\"font-weight: 600; color: rgb(44, 48, 50);\">fosforera</span><span style=\"color: rgb(44, 48, 50);\">“, “</span><span style=\"font-weight: 600; color: rgb(44, 48, 50);\">rompe colchón</span><span style=\"color: rgb(44, 48, 50);\">“, “</span><span style=\"font-weight: 600; color: rgb(44, 48, 50);\">vuelve a la vida</span><span style=\"color: rgb(44, 48, 50);\">” o “</span><span style=\"font-weight: 600; color: rgb(44, 48, 50);\">viagra natural</span><span style=\"color: rgb(44, 48, 50);\">“.</span><br></font><div><span style=\"color: rgb(44, 48, 50);\"><font face=\"times new roman\" size=\"3\">INGREDIENTES:</font></span></div><div><ul style=\"list-style: none; padding-inline-start: 0px; column-count: 2; padding-top: 0.5em; padding-bottom: 0.5em; color: rgb(44, 48, 50);\"><li style=\"list-style: none; padding-inline-start: 0px; border-top: 1px solid rgb(210, 222, 226); padding: 2px 0px;\"><font face=\"times new roman\" size=\"3\">50 g. de pescado blanco (en este caso dorada, pero le va bien la lubina o el corvina)</font></li><li style=\"list-style: none; padding-inline-start: 0px; border-top: 1px solid rgb(210, 222, 226); padding: 2px 0px;\"><font face=\"times new roman\" size=\"3\">250 g. de gambas o langostinos</font></li><li style=\"list-style: none; padding-inline-start: 0px; border-top: 1px solid rgb(210, 222, 226); padding: 2px 0px;\"><font face=\"times new roman\" size=\"3\">250 g. de pulpo picado y precocido</font></li><li style=\"list-style: none; padding-inline-start: 0px; border-top: 1px solid rgb(210, 222, 226); padding: 2px 0px;\"><font face=\"times new roman\" size=\"3\">6 mejillones</font></li><li style=\"list-style: none; padding-inline-start: 0px; border-top: 1px solid rgb(210, 222, 226); padding: 2px 0px;\"><font face=\"times new roman\" size=\"3\">6 vieiras</font></li><li style=\"list-style: none; padding-inline-start: 0px; border-top: 1px solid rgb(210, 222, 226); padding: 2px 0px;\"><font face=\"times new roman\" size=\"3\">1/2 buey de mar (también podéis sustituir por otros mariscos, nécoras, ostras...)</font></li><li style=\"list-style: none; padding-inline-start: 0px; border-top: 1px solid rgb(210, 222, 226); padding: 2px 0px;\"><font face=\"times new roman\" size=\"3\">1 cebolla&nbsp;</font></li><li style=\"list-style: none; padding-inline-start: 0px; border-top: 1px solid rgb(210, 222, 226); padding: 2px 0px;\"><font face=\"times new roman\" size=\"3\">1 tomate&nbsp;</font></li><li style=\"list-style: none; padding-inline-start: 0px; border-top: 1px solid rgb(210, 222, 226); padding: 2px 0px;\"><font face=\"times new roman\" size=\"3\">2 cucharadas de ají amarillo molido</font></li><li style=\"list-style: none; padding-inline-start: 0px; border-top: 1px solid rgb(210, 222, 226); padding: 2px 0px;\"><font face=\"times new roman\" size=\"3\">2 cucharadas de ají panca</font></li><li style=\"list-style: none; padding-inline-start: 0px; border-top: 1px solid rgb(210, 222, 226); padding: 2px 0px;\"><font face=\"times new roman\" size=\"3\">250 ml. de vino blanco o cerveza negra peruana</font></li><li style=\"list-style: none; padding-inline-start: 0px; border-top: 1px solid rgb(210, 222, 226); padding: 2px 0px;\"><font face=\"times new roman\" size=\"3\">1 cucharadita de jengibre rallado y otra de pimentón dulce</font></li><li style=\"list-style: none; padding-inline-start: 0px; border-top: 1px solid rgb(210, 222, 226); padding: 2px 0px;\"><font face=\"times new roman\" size=\"3\">2 l. y medio de caldo de pescado</font></li><li style=\"list-style: none; padding-inline-start: 0px; border-top: 1px solid rgb(210, 222, 226); padding: 2px 0px;\"><font face=\"times new roman\" size=\"3\">1 rocoto&nbsp;</font></li><li style=\"list-style: none; padding-inline-start: 0px; border-top: 1px solid rgb(210, 222, 226); padding: 2px 0px;\"><font face=\"times new roman\" size=\"3\">2 cucharadas de pasta de tomate</font></li><li style=\"list-style: none; padding-inline-start: 0px; border-top: 1px solid rgb(210, 222, 226); padding: 2px 0px;\"><font face=\"times new roman\" size=\"3\">Sal, pimienta negra y blanca (recién molida), comino molido y sal de ajo (al gusto)</font></li><li style=\"list-style: none; padding-inline-start: 0px; border-top: 1px solid rgb(210, 222, 226); padding: 2px 0px;\"><font face=\"times new roman\" size=\"3\">1 limón o lima</font></li><li style=\"list-style: none; padding-inline-start: 0px; border-top: 1px solid rgb(210, 222, 226); padding: 2px 0px;\"><font face=\"times new roman\" size=\"3\">Aceite de oliva</font></li><li style=\"list-style: none; padding-inline-start: 0px; border-top: 1px solid rgb(210, 222, 226); padding: 2px 0px;\"><font face=\"times new roman\" style=\"\" size=\"3\">Perejil o cilantro fresco para decorar</font></li></ul></div>', 'parihuela-en-trozo-de-pescado-y-mariscos.png', 'parihuela-en-trozo-de-pescado-y-mariscos.png', 'parihuela-en-trozo-de-pescado-y-mariscos.png', 5, 'En Stock', '2021-07-18 04:58:42', NULL),
(43, 2, 4, 'Sudado de tramboyo', 'Los delfines de Mari', 20, 22, '<font face=\"times new roman\" size=\"3\"><span style=\"color: rgb(68, 68, 68);\">Delicioso plato a base de&nbsp;</span><span style=\"box-sizing: border-box; font-weight: 700; color: rgb(68, 68, 68);\">pescado fresco</span><span style=\"color: rgb(68, 68, 68);\">, ideal para componer el cuerpo luego de una amanecida.</span><br></font><div><span style=\"color: rgb(68, 68, 68);\"><font face=\"times new roman\" size=\"3\">INGREDIENTES:</font></span></div><div><ul><li><span style=\"color: rgb(68, 68, 68);\"><font face=\"times new roman\" size=\"3\">4 tramboyos enteros (con cabeza y cola) sin vísceras</font></span></li><li><span style=\"color: rgb(68, 68, 68);\"><font face=\"times new roman\" size=\"3\">1/2 taza de tradicional chicha de jora</font></span></li><li><span style=\"color: rgb(68, 68, 68);\"><font face=\"times new roman\" size=\"3\">4 tomates cortados en rajas</font></span></li><li><span style=\"color: rgb(68, 68, 68);\"><font face=\"times new roman\" size=\"3\">2 cebollas rojas cortadas en cuñas</font></span></li><li><span style=\"color: rgb(68, 68, 68);\"><font face=\"times new roman\" size=\"3\">2 ajíes amarillos cortados en tiras</font></span></li><li><span style=\"color: rgb(68, 68, 68);\"><font face=\"times new roman\" size=\"3\">4 cdas de ají amarillo molido</font></span></li><li><span style=\"color: rgb(68, 68, 68);\"><font face=\"times new roman\" size=\"3\">2 cdtas de ajo molido</font></span></li><li><span style=\"color: rgb(68, 68, 68);\"><font face=\"times new roman\" size=\"3\">1/2 cdta de achiote molido</font></span></li><li><span style=\"color: rgb(68, 68, 68);\"><font face=\"times new roman\" size=\"3\">1/2 taza de caldo de pescado</font></span></li><li><span style=\"color: rgb(68, 68, 68);\"><font face=\"times new roman\" size=\"3\">2 cdas de culantro picado</font></span></li><li><span style=\"color: rgb(68, 68, 68);\"><font face=\"times new roman\" size=\"3\">3 cdas de aceite vegetal</font></span></li><li><span style=\"color: rgb(68, 68, 68);\"><font face=\"times new roman\" style=\"\" size=\"3\">Pimienta, comino y sal al gusto</font></span></li></ul></div>', 'sudado-de-tramboyo.jpg', 'sudado-de-cabrilla.png', 'sudado-de-cabrilla.png', 5, 'En Stock', '2021-07-18 05:00:41', NULL),
(44, 5, 9, 'Arroz a la chiclayana con ceviche', 'Los delfines de Mari', 18, 20, '<li style=\"border: 0px; margin: 0px; padding: 0px; color: rgb(58, 58, 58); font-family: -apple-system, system-ui, BlinkMacSystemFont, &quot;Segoe UI&quot;, Helvetica, Arial, sans-serif, &quot;Apple Color Emoji&quot;, &quot;Segoe UI Emoji&quot;, &quot;Segoe UI Symbol&quot;; font-size: 18px;\">INGREDIENTES:</li><li style=\"border: 0px; margin: 0px; padding: 0px; color: rgb(58, 58, 58); font-family: -apple-system, system-ui, BlinkMacSystemFont, &quot;Segoe UI&quot;, Helvetica, Arial, sans-serif, &quot;Apple Color Emoji&quot;, &quot;Segoe UI Emoji&quot;, &quot;Segoe UI Symbol&quot;; font-size: 18px;\">2 atados de culantro licuado con un poco de agua<br></li><li style=\"border: 0px; margin: 0px; padding: 0px; color: rgb(58, 58, 58); font-family: -apple-system, system-ui, BlinkMacSystemFont, &quot;Segoe UI&quot;, Helvetica, Arial, sans-serif, &quot;Apple Color Emoji&quot;, &quot;Segoe UI Emoji&quot;, &quot;Segoe UI Symbol&quot;; font-size: 18px;\">2 cebollas cortadas en cuadritos</li><li style=\"border: 0px; margin: 0px; padding: 0px; color: rgb(58, 58, 58); font-family: -apple-system, system-ui, BlinkMacSystemFont, &quot;Segoe UI&quot;, Helvetica, Arial, sans-serif, &quot;Apple Color Emoji&quot;, &quot;Segoe UI Emoji&quot;, &quot;Segoe UI Symbol&quot;; font-size: 18px;\">1 cucharadita de ají amarillo licuado</li><li style=\"border: 0px; margin: 0px; padding: 0px; color: rgb(58, 58, 58); font-family: -apple-system, system-ui, BlinkMacSystemFont, &quot;Segoe UI&quot;, Helvetica, Arial, sans-serif, &quot;Apple Color Emoji&quot;, &quot;Segoe UI Emoji&quot;, &quot;Segoe UI Symbol&quot;; font-size: 18px;\">1 cucharadita de ají panca licuado</li><li style=\"border: 0px; margin: 0px; padding: 0px; color: rgb(58, 58, 58); font-family: -apple-system, system-ui, BlinkMacSystemFont, &quot;Segoe UI&quot;, Helvetica, Arial, sans-serif, &quot;Apple Color Emoji&quot;, &quot;Segoe UI Emoji&quot;, &quot;Segoe UI Symbol&quot;; font-size: 18px;\">2 cucharadas de ajo molido</li><li style=\"border: 0px; margin: 0px; padding: 0px; color: rgb(58, 58, 58); font-family: -apple-system, system-ui, BlinkMacSystemFont, &quot;Segoe UI&quot;, Helvetica, Arial, sans-serif, &quot;Apple Color Emoji&quot;, &quot;Segoe UI Emoji&quot;, &quot;Segoe UI Symbol&quot;; font-size: 18px;\">1 taza de cerveza negra</li><li style=\"border: 0px; margin: 0px; padding: 0px; color: rgb(58, 58, 58); font-family: -apple-system, system-ui, BlinkMacSystemFont, &quot;Segoe UI&quot;, Helvetica, Arial, sans-serif, &quot;Apple Color Emoji&quot;, &quot;Segoe UI Emoji&quot;, &quot;Segoe UI Symbol&quot;; font-size: 18px;\">1 pimiento rojo</li><li style=\"border: 0px; margin: 0px; padding: 0px; color: rgb(58, 58, 58); font-family: -apple-system, system-ui, BlinkMacSystemFont, &quot;Segoe UI&quot;, Helvetica, Arial, sans-serif, &quot;Apple Color Emoji&quot;, &quot;Segoe UI Emoji&quot;, &quot;Segoe UI Symbol&quot;; font-size: 18px;\">½ taza de chicha de jora</li><li style=\"border: 0px; margin: 0px; padding: 0px; color: rgb(58, 58, 58); font-family: -apple-system, system-ui, BlinkMacSystemFont, &quot;Segoe UI&quot;, Helvetica, Arial, sans-serif, &quot;Apple Color Emoji&quot;, &quot;Segoe UI Emoji&quot;, &quot;Segoe UI Symbol&quot;; font-size: 18px;\">1 taza de alverjas</li><li style=\"border: 0px; margin: 0px; padding: 0px; color: rgb(58, 58, 58); font-family: -apple-system, system-ui, BlinkMacSystemFont, &quot;Segoe UI&quot;, Helvetica, Arial, sans-serif, &quot;Apple Color Emoji&quot;, &quot;Segoe UI Emoji&quot;, &quot;Segoe UI Symbol&quot;; font-size: 18px;\">1 zanahoria picada en cuadros</li><li style=\"border: 0px; margin: 0px; padding: 0px; color: rgb(58, 58, 58); font-family: -apple-system, system-ui, BlinkMacSystemFont, &quot;Segoe UI&quot;, Helvetica, Arial, sans-serif, &quot;Apple Color Emoji&quot;, &quot;Segoe UI Emoji&quot;, &quot;Segoe UI Symbol&quot;; font-size: 18px;\">3 tazas de arroz</li><li style=\"border: 0px; margin: 0px; padding: 0px; color: rgb(58, 58, 58); font-family: -apple-system, system-ui, BlinkMacSystemFont, &quot;Segoe UI&quot;, Helvetica, Arial, sans-serif, &quot;Apple Color Emoji&quot;, &quot;Segoe UI Emoji&quot;, &quot;Segoe UI Symbol&quot;; font-size: 18px;\">1 choclo picado en rodajas</li><li style=\"border: 0px; margin: 0px; padding: 0px; color: rgb(58, 58, 58); font-family: -apple-system, system-ui, BlinkMacSystemFont, &quot;Segoe UI&quot;, Helvetica, Arial, sans-serif, &quot;Apple Color Emoji&quot;, &quot;Segoe UI Emoji&quot;, &quot;Segoe UI Symbol&quot;; font-size: 18px;\">Agua o caldo de pato o pollo c/n</li><li style=\"border: 0px; margin: 0px; padding: 0px; color: rgb(58, 58, 58); font-family: -apple-system, system-ui, BlinkMacSystemFont, &quot;Segoe UI&quot;, Helvetica, Arial, sans-serif, &quot;Apple Color Emoji&quot;, &quot;Segoe UI Emoji&quot;, &quot;Segoe UI Symbol&quot;; font-size: 18px;\">Sal y pimienta al gusto</li><li style=\"border: 0px; margin: 0px; padding: 0px; color: rgb(58, 58, 58); font-family: -apple-system, system-ui, BlinkMacSystemFont, &quot;Segoe UI&quot;, Helvetica, Arial, sans-serif, &quot;Apple Color Emoji&quot;, &quot;Segoe UI Emoji&quot;, &quot;Segoe UI Symbol&quot;; font-size: 18px;\">Aceite vegetal</li><li style=\"border: 0px; margin: 0px; padding: 0px; color: rgb(58, 58, 58); font-family: -apple-system, system-ui, BlinkMacSystemFont, &quot;Segoe UI&quot;, Helvetica, Arial, sans-serif, &quot;Apple Color Emoji&quot;, &quot;Segoe UI Emoji&quot;, &quot;Segoe UI Symbol&quot;; font-size: 18px;\">Ceviche</li>', 'arroz-a-la-chiclayana-con-ceviche.jpg', 'arroz-a-la-chiclayana-con-ceviche.jpg', 'arroz-a-la-chiclayana-con-ceviche.jpg', 5, 'En Stock', '2021-07-18 05:21:52', NULL),
(45, 5, 9, 'Ceviche con arroz con mariscos', 'Los delfines de Mari', 18, 20, '<ol class=\"list-unstyled text-cookpad-14 xs:text-cookpad-18 divide-y\" dir=\"auto\" style=\"box-sizing: border-box; border: 0px solid currentcolor; --tw-shadow:0 0 transparent; --tw-ring-inset:var(--tw-empty, ); --tw-ring-offset-width:0px; --tw-ring-offset-color:#fff; --tw-ring-color:rgba(59,130,246,0.5); --tw-ring-offset-shadow:0 0 transparent; --tw-ring-shadow:0 0 transparent; margin-bottom: 0px; margin-left: 0px; list-style: none; font-size: 1.125rem; line-height: 1.75rem; letter-spacing: -0.025em; color: rgb(74, 74, 74); font-family: noto-sans, system-ui, -apple-system, &quot;Segoe UI&quot;, Roboto, Helvetica, arial, sans-serif;\"><li class=\"leading-tight py-xs border-cookpad-gray-400 border-dashed\" id=\"ingredient_2479522\" style=\"box-sizing: border-box; border-width: 0px; border-style: dashed; border-color: rgba(206,206,205,var(--tw-border-opacity)); border-image: initial; --tw-shadow:0 0 transparent; --tw-ring-inset:var(--tw-empty, ); --tw-ring-offset-width:0px; --tw-ring-offset-color:#fff; --tw-ring-color:rgba(59,130,246,0.5); --tw-ring-offset-shadow:0 0 transparent; --tw-ring-shadow:0 0 transparent; --tw-border-opacity:1; padding-top: 0.25rem; padding-bottom: 0.25rem; line-height: 1.25;\"><div itemprop=\"ingredients\" style=\"box-sizing: border-box; border: 0px solid currentcolor; --tw-shadow:0 0 transparent; --tw-ring-inset:var(--tw-empty, ); --tw-ring-offset-width:0px; --tw-ring-offset-color:#fff; --tw-ring-color:rgba(59,130,246,0.5); --tw-ring-offset-shadow:0 0 transparent; --tw-ring-shadow:0 0 transparent;\">INGREDIENTES:</div></li><li class=\"leading-tight py-xs border-cookpad-gray-400 border-dashed\" id=\"ingredient_2479522\" style=\"box-sizing: border-box; border-width: 0px; border-style: dashed; border-color: rgba(206,206,205,var(--tw-border-opacity)); border-image: initial; --tw-shadow:0 0 transparent; --tw-ring-inset:var(--tw-empty, ); --tw-ring-offset-width:0px; --tw-ring-offset-color:#fff; --tw-ring-color:rgba(59,130,246,0.5); --tw-ring-offset-shadow:0 0 transparent; --tw-ring-shadow:0 0 transparent; --tw-border-opacity:1; padding-top: 0.25rem; padding-bottom: 0.25rem; line-height: 1.25;\"><div itemprop=\"ingredients\" style=\"box-sizing: border-box; border: 0px solid currentcolor; --tw-shadow:0 0 transparent; --tw-ring-inset:var(--tw-empty, ); --tw-ring-offset-width:0px; --tw-ring-offset-color:#fff; --tw-ring-color:rgba(59,130,246,0.5); --tw-ring-offset-shadow:0 0 transparent; --tw-ring-shadow:0 0 transparent;\">Arroz con mariscos:</div></li><li class=\"leading-tight py-xs border-cookpad-gray-400 border-dashed\" id=\"ingredient_2479523\" style=\"box-sizing: border-box; border-top-width: calc(1px*(1 - var(--tw-divide-y-reverse))); border-right-width: 0px; border-bottom-width: calc(1px*var(--tw-divide-y-reverse)); border-left-width: 0px; border-style: dashed; border-color: rgba(206,206,205,var(--tw-border-opacity)); border-image: initial; --tw-shadow:0 0 transparent; --tw-ring-inset:var(--tw-empty, ); --tw-ring-offset-width:0px; --tw-ring-offset-color:#fff; --tw-ring-color:rgba(59,130,246,0.5); --tw-ring-offset-shadow:0 0 transparent; --tw-ring-shadow:0 0 transparent; --tw-border-opacity:1; padding-top: 0.25rem; padding-bottom: 0.25rem; line-height: 1.25; --tw-divide-y-reverse:0;\"><div itemprop=\"ingredients\" style=\"box-sizing: border-box; border: 0px solid currentcolor; --tw-shadow:0 0 transparent; --tw-ring-inset:var(--tw-empty, ); --tw-ring-offset-width:0px; --tw-ring-offset-color:#fff; --tw-ring-color:rgba(59,130,246,0.5); --tw-ring-offset-shadow:0 0 transparent; --tw-ring-shadow:0 0 transparent;\"><bdi class=\"font-semibold\" style=\"box-sizing: border-box; border: 0px solid currentcolor; --tw-shadow:0 0 transparent; --tw-ring-inset:var(--tw-empty, ); --tw-ring-offset-width:0px; --tw-ring-offset-color:#fff; --tw-ring-color:rgba(59,130,246,0.5); --tw-ring-offset-shadow:0 0 transparent; --tw-ring-shadow:0 0 transparent; font-weight: 600;\">300 g</bdi>&nbsp;arroz cocido</div></li><li class=\"leading-tight py-xs border-cookpad-gray-400 border-dashed\" id=\"ingredient_2479524\" style=\"box-sizing: border-box; border-top-width: calc(1px*(1 - var(--tw-divide-y-reverse))); border-right-width: 0px; border-bottom-width: calc(1px*var(--tw-divide-y-reverse)); border-left-width: 0px; border-style: dashed; border-color: rgba(206,206,205,var(--tw-border-opacity)); border-image: initial; --tw-shadow:0 0 transparent; --tw-ring-inset:var(--tw-empty, ); --tw-ring-offset-width:0px; --tw-ring-offset-color:#fff; --tw-ring-color:rgba(59,130,246,0.5); --tw-ring-offset-shadow:0 0 transparent; --tw-ring-shadow:0 0 transparent; --tw-border-opacity:1; padding-top: 0.25rem; padding-bottom: 0.25rem; line-height: 1.25; --tw-divide-y-reverse:0;\"><div itemprop=\"ingredients\" style=\"box-sizing: border-box; border: 0px solid currentcolor; --tw-shadow:0 0 transparent; --tw-ring-inset:var(--tw-empty, ); --tw-ring-offset-width:0px; --tw-ring-offset-color:#fff; --tw-ring-color:rgba(59,130,246,0.5); --tw-ring-offset-shadow:0 0 transparent; --tw-ring-shadow:0 0 transparent;\"><bdi class=\"font-semibold\" style=\"box-sizing: border-box; border: 0px solid currentcolor; --tw-shadow:0 0 transparent; --tw-ring-inset:var(--tw-empty, ); --tw-ring-offset-width:0px; --tw-ring-offset-color:#fff; --tw-ring-color:rgba(59,130,246,0.5); --tw-ring-offset-shadow:0 0 transparent; --tw-ring-shadow:0 0 transparent; font-weight: 600;\">200 g</bdi>&nbsp;mixtura de mariscos</div></li><li class=\"leading-tight py-xs border-cookpad-gray-400 border-dashed\" id=\"ingredient_2479525\" style=\"box-sizing: border-box; border-top-width: calc(1px*(1 - var(--tw-divide-y-reverse))); border-right-width: 0px; border-bottom-width: calc(1px*var(--tw-divide-y-reverse)); border-left-width: 0px; border-style: dashed; border-color: rgba(206,206,205,var(--tw-border-opacity)); border-image: initial; --tw-shadow:0 0 transparent; --tw-ring-inset:var(--tw-empty, ); --tw-ring-offset-width:0px; --tw-ring-offset-color:#fff; --tw-ring-color:rgba(59,130,246,0.5); --tw-ring-offset-shadow:0 0 transparent; --tw-ring-shadow:0 0 transparent; --tw-border-opacity:1; padding-top: 0.25rem; padding-bottom: 0.25rem; line-height: 1.25; --tw-divide-y-reverse:0;\"><div itemprop=\"ingredients\" style=\"box-sizing: border-box; border: 0px solid currentcolor; --tw-shadow:0 0 transparent; --tw-ring-inset:var(--tw-empty, ); --tw-ring-offset-width:0px; --tw-ring-offset-color:#fff; --tw-ring-color:rgba(59,130,246,0.5); --tw-ring-offset-shadow:0 0 transparent; --tw-ring-shadow:0 0 transparent;\"><bdi class=\"font-semibold\" style=\"box-sizing: border-box; border: 0px solid currentcolor; --tw-shadow:0 0 transparent; --tw-ring-inset:var(--tw-empty, ); --tw-ring-offset-width:0px; --tw-ring-offset-color:#fff; --tw-ring-color:rgba(59,130,246,0.5); --tw-ring-offset-shadow:0 0 transparent; --tw-ring-shadow:0 0 transparent; font-weight: 600;\">20 g</bdi>&nbsp;queso parmesano rallado</div></li><li class=\"leading-tight py-xs border-cookpad-gray-400 border-dashed\" id=\"ingredient_2479526\" style=\"box-sizing: border-box; border-top-width: calc(1px*(1 - var(--tw-divide-y-reverse))); border-right-width: 0px; border-bottom-width: calc(1px*var(--tw-divide-y-reverse)); border-left-width: 0px; border-style: dashed; border-color: rgba(206,206,205,var(--tw-border-opacity)); border-image: initial; --tw-shadow:0 0 transparent; --tw-ring-inset:var(--tw-empty, ); --tw-ring-offset-width:0px; --tw-ring-offset-color:#fff; --tw-ring-color:rgba(59,130,246,0.5); --tw-ring-offset-shadow:0 0 transparent; --tw-ring-shadow:0 0 transparent; --tw-border-opacity:1; padding-top: 0.25rem; padding-bottom: 0.25rem; line-height: 1.25; --tw-divide-y-reverse:0;\"><div itemprop=\"ingredients\" style=\"box-sizing: border-box; border: 0px solid currentcolor; --tw-shadow:0 0 transparent; --tw-ring-inset:var(--tw-empty, ); --tw-ring-offset-width:0px; --tw-ring-offset-color:#fff; --tw-ring-color:rgba(59,130,246,0.5); --tw-ring-offset-shadow:0 0 transparent; --tw-ring-shadow:0 0 transparent;\"><bdi class=\"font-semibold\" style=\"box-sizing: border-box; border: 0px solid currentcolor; --tw-shadow:0 0 transparent; --tw-ring-inset:var(--tw-empty, ); --tw-ring-offset-width:0px; --tw-ring-offset-color:#fff; --tw-ring-color:rgba(59,130,246,0.5); --tw-ring-offset-shadow:0 0 transparent; --tw-ring-shadow:0 0 transparent; font-weight: 600;\">30 g</bdi>&nbsp;mantequilla</div></li><li class=\"leading-tight py-xs border-cookpad-gray-400 border-dashed\" id=\"ingredient_2479527\" style=\"box-sizing: border-box; border-top-width: calc(1px*(1 - var(--tw-divide-y-reverse))); border-right-width: 0px; border-bottom-width: calc(1px*var(--tw-divide-y-reverse)); border-left-width: 0px; border-style: dashed; border-color: rgba(206,206,205,var(--tw-border-opacity)); border-image: initial; --tw-shadow:0 0 transparent; --tw-ring-inset:var(--tw-empty, ); --tw-ring-offset-width:0px; --tw-ring-offset-color:#fff; --tw-ring-color:rgba(59,130,246,0.5); --tw-ring-offset-shadow:0 0 transparent; --tw-ring-shadow:0 0 transparent; --tw-border-opacity:1; padding-top: 0.25rem; padding-bottom: 0.25rem; line-height: 1.25; --tw-divide-y-reverse:0;\"><div itemprop=\"ingredients\" style=\"box-sizing: border-box; border: 0px solid currentcolor; --tw-shadow:0 0 transparent; --tw-ring-inset:var(--tw-empty, ); --tw-ring-offset-width:0px; --tw-ring-offset-color:#fff; --tw-ring-color:rgba(59,130,246,0.5); --tw-ring-offset-shadow:0 0 transparent; --tw-ring-shadow:0 0 transparent;\"><bdi class=\"font-semibold\" style=\"box-sizing: border-box; border: 0px solid currentcolor; --tw-shadow:0 0 transparent; --tw-ring-inset:var(--tw-empty, ); --tw-ring-offset-width:0px; --tw-ring-offset-color:#fff; --tw-ring-color:rgba(59,130,246,0.5); --tw-ring-offset-shadow:0 0 transparent; --tw-ring-shadow:0 0 transparent; font-weight: 600;\">30 g</bdi>&nbsp;guisantes cocidos</div></li><li class=\"leading-tight py-xs border-cookpad-gray-400 border-dashed\" id=\"ingredient_2479528\" style=\"box-sizing: border-box; border-top-width: calc(1px*(1 - var(--tw-divide-y-reverse))); border-right-width: 0px; border-bottom-width: calc(1px*var(--tw-divide-y-reverse)); border-left-width: 0px; border-style: dashed; border-color: rgba(206,206,205,var(--tw-border-opacity)); border-image: initial; --tw-shadow:0 0 transparent; --tw-ring-inset:var(--tw-empty, ); --tw-ring-offset-width:0px; --tw-ring-offset-color:#fff; --tw-ring-color:rgba(59,130,246,0.5); --tw-ring-offset-shadow:0 0 transparent; --tw-ring-shadow:0 0 transparent; --tw-border-opacity:1; padding-top: 0.25rem; padding-bottom: 0.25rem; line-height: 1.25; --tw-divide-y-reverse:0;\"><div itemprop=\"ingredients\" style=\"box-sizing: border-box; border: 0px solid currentcolor; --tw-shadow:0 0 transparent; --tw-ring-inset:var(--tw-empty, ); --tw-ring-offset-width:0px; --tw-ring-offset-color:#fff; --tw-ring-color:rgba(59,130,246,0.5); --tw-ring-offset-shadow:0 0 transparent; --tw-ring-shadow:0 0 transparent;\"><bdi class=\"font-semibold\" style=\"box-sizing: border-box; border: 0px solid currentcolor; --tw-shadow:0 0 transparent; --tw-ring-inset:var(--tw-empty, ); --tw-ring-offset-width:0px; --tw-ring-offset-color:#fff; --tw-ring-color:rgba(59,130,246,0.5); --tw-ring-offset-shadow:0 0 transparent; --tw-ring-shadow:0 0 transparent; font-weight: 600;\">30 g</bdi>&nbsp;zanahoria cortado en jardinera cocido</div></li><li class=\"leading-tight py-xs border-cookpad-gray-400 border-dashed\" id=\"ingredient_2479529\" style=\"box-sizing: border-box; border-top-width: calc(1px*(1 - var(--tw-divide-y-reverse))); border-right-width: 0px; border-bottom-width: calc(1px*var(--tw-divide-y-reverse)); border-left-width: 0px; border-style: dashed; border-color: rgba(206,206,205,var(--tw-border-opacity)); border-image: initial; --tw-shadow:0 0 transparent; --tw-ring-inset:var(--tw-empty, ); --tw-ring-offset-width:0px; --tw-ring-offset-color:#fff; --tw-ring-color:rgba(59,130,246,0.5); --tw-ring-offset-shadow:0 0 transparent; --tw-ring-shadow:0 0 transparent; --tw-border-opacity:1; padding-top: 0.25rem; padding-bottom: 0.25rem; line-height: 1.25; --tw-divide-y-reverse:0;\"><div itemprop=\"ingredients\" style=\"box-sizing: border-box; border: 0px solid currentcolor; --tw-shadow:0 0 transparent; --tw-ring-inset:var(--tw-empty, ); --tw-ring-offset-width:0px; --tw-ring-offset-color:#fff; --tw-ring-color:rgba(59,130,246,0.5); --tw-ring-offset-shadow:0 0 transparent; --tw-ring-shadow:0 0 transparent;\"><bdi class=\"font-semibold\" style=\"box-sizing: border-box; border: 0px solid currentcolor; --tw-shadow:0 0 transparent; --tw-ring-inset:var(--tw-empty, ); --tw-ring-offset-width:0px; --tw-ring-offset-color:#fff; --tw-ring-color:rgba(59,130,246,0.5); --tw-ring-offset-shadow:0 0 transparent; --tw-ring-shadow:0 0 transparent; font-weight: 600;\">20 g</bdi>&nbsp;pimientos rojos cortado en jardinera</div></li><li class=\"leading-tight py-xs border-cookpad-gray-400 border-dashed\" id=\"ingredient_2479530\" style=\"box-sizing: border-box; border-top-width: calc(1px*(1 - var(--tw-divide-y-reverse))); border-right-width: 0px; border-bottom-width: calc(1px*var(--tw-divide-y-reverse)); border-left-width: 0px; border-style: dashed; border-color: rgba(206,206,205,var(--tw-border-opacity)); border-image: initial; --tw-shadow:0 0 transparent; --tw-ring-inset:var(--tw-empty, ); --tw-ring-offset-width:0px; --tw-ring-offset-color:#fff; --tw-ring-color:rgba(59,130,246,0.5); --tw-ring-offset-shadow:0 0 transparent; --tw-ring-shadow:0 0 transparent; --tw-border-opacity:1; padding-top: 0.25rem; padding-bottom: 0.25rem; line-height: 1.25; --tw-divide-y-reverse:0;\"><div itemprop=\"ingredients\" style=\"box-sizing: border-box; border: 0px solid currentcolor; --tw-shadow:0 0 transparent; --tw-ring-inset:var(--tw-empty, ); --tw-ring-offset-width:0px; --tw-ring-offset-color:#fff; --tw-ring-color:rgba(59,130,246,0.5); --tw-ring-offset-shadow:0 0 transparent; --tw-ring-shadow:0 0 transparent;\"><bdi class=\"font-semibold\" style=\"box-sizing: border-box; border: 0px solid currentcolor; --tw-shadow:0 0 transparent; --tw-ring-inset:var(--tw-empty, ); --tw-ring-offset-width:0px; --tw-ring-offset-color:#fff; --tw-ring-color:rgba(59,130,246,0.5); --tw-ring-offset-shadow:0 0 transparent; --tw-ring-shadow:0 0 transparent; font-weight: 600;\">1 tz</bdi>&nbsp;fumet o caldo de pezcado</div></li><li class=\"leading-tight py-xs border-cookpad-gray-400 border-dashed\" id=\"ingredient_2479531\" style=\"box-sizing: border-box; border-top-width: calc(1px*(1 - var(--tw-divide-y-reverse))); border-right-width: 0px; border-bottom-width: calc(1px*var(--tw-divide-y-reverse)); border-left-width: 0px; border-style: dashed; border-color: rgba(206,206,205,var(--tw-border-opacity)); border-image: initial; --tw-shadow:0 0 transparent; --tw-ring-inset:var(--tw-empty, ); --tw-ring-offset-width:0px; --tw-ring-offset-color:#fff; --tw-ring-color:rgba(59,130,246,0.5); --tw-ring-offset-shadow:0 0 transparent; --tw-ring-shadow:0 0 transparent; --tw-border-opacity:1; padding-top: 0.25rem; padding-bottom: 0.25rem; line-height: 1.25; --tw-divide-y-reverse:0;\"><div itemprop=\"ingredients\" style=\"box-sizing: border-box; border: 0px solid currentcolor; --tw-shadow:0 0 transparent; --tw-ring-inset:var(--tw-empty, ); --tw-ring-offset-width:0px; --tw-ring-offset-color:#fff; --tw-ring-color:rgba(59,130,246,0.5); --tw-ring-offset-shadow:0 0 transparent; --tw-ring-shadow:0 0 transparent;\"><bdi class=\"font-semibold\" style=\"box-sizing: border-box; border: 0px solid currentcolor; --tw-shadow:0 0 transparent; --tw-ring-inset:var(--tw-empty, ); --tw-ring-offset-width:0px; --tw-ring-offset-color:#fff; --tw-ring-color:rgba(59,130,246,0.5); --tw-ring-offset-shadow:0 0 transparent; --tw-ring-shadow:0 0 transparent; font-weight: 600;\">----------</bdi>&nbsp;Chicharron</div></li><li class=\"leading-tight py-xs border-cookpad-gray-400 border-dashed\" id=\"ingredient_2479532\" style=\"box-sizing: border-box; border-top-width: calc(1px*(1 - var(--tw-divide-y-reverse))); border-right-width: 0px; border-bottom-width: calc(1px*var(--tw-divide-y-reverse)); border-left-width: 0px; border-style: dashed; border-color: rgba(206,206,205,var(--tw-border-opacity)); border-image: initial; --tw-shadow:0 0 transparent; --tw-ring-inset:var(--tw-empty, ); --tw-ring-offset-width:0px; --tw-ring-offset-color:#fff; --tw-ring-color:rgba(59,130,246,0.5); --tw-ring-offset-shadow:0 0 transparent; --tw-ring-shadow:0 0 transparent; --tw-border-opacity:1; padding-top: 0.25rem; padding-bottom: 0.25rem; line-height: 1.25; --tw-divide-y-reverse:0;\"><div itemprop=\"ingredients\" style=\"box-sizing: border-box; border: 0px solid currentcolor; --tw-shadow:0 0 transparent; --tw-ring-inset:var(--tw-empty, ); --tw-ring-offset-width:0px; --tw-ring-offset-color:#fff; --tw-ring-color:rgba(59,130,246,0.5); --tw-ring-offset-shadow:0 0 transparent; --tw-ring-shadow:0 0 transparent;\"><bdi class=\"font-semibold\" style=\"box-sizing: border-box; border: 0px solid currentcolor; --tw-shadow:0 0 transparent; --tw-ring-inset:var(--tw-empty, ); --tw-ring-offset-width:0px; --tw-ring-offset-color:#fff; --tw-ring-color:rgba(59,130,246,0.5); --tw-ring-offset-shadow:0 0 transparent; --tw-ring-shadow:0 0 transparent; font-weight: 600;\">300 g</bdi>&nbsp;filete de pescado</div></li><li class=\"leading-tight py-xs border-cookpad-gray-400 border-dashed\" id=\"ingredient_2479601\" style=\"box-sizing: border-box; border-top-width: calc(1px*(1 - var(--tw-divide-y-reverse))); border-right-width: 0px; border-bottom-width: calc(1px*var(--tw-divide-y-reverse)); border-left-width: 0px; border-style: dashed; border-color: rgba(206,206,205,var(--tw-border-opacity)); border-image: initial; --tw-shadow:0 0 transparent; --tw-ring-inset:var(--tw-empty, ); --tw-ring-offset-width:0px; --tw-ring-offset-color:#fff; --tw-ring-color:rgba(59,130,246,0.5); --tw-ring-offset-shadow:0 0 transparent; --tw-ring-shadow:0 0 transparent; --tw-border-opacity:1; padding-top: 0.25rem; padding-bottom: 0.25rem; line-height: 1.25; --tw-divide-y-reverse:0;\"><div itemprop=\"ingredients\" style=\"box-sizing: border-box; border: 0px solid currentcolor; --tw-shadow:0 0 transparent; --tw-ring-inset:var(--tw-empty, ); --tw-ring-offset-width:0px; --tw-ring-offset-color:#fff; --tw-ring-color:rgba(59,130,246,0.5); --tw-ring-offset-shadow:0 0 transparent; --tw-ring-shadow:0 0 transparent;\"><bdi class=\"font-semibold\" style=\"box-sizing: border-box; border: 0px solid currentcolor; --tw-shadow:0 0 transparent; --tw-ring-inset:var(--tw-empty, ); --tw-ring-offset-width:0px; --tw-ring-offset-color:#fff; --tw-ring-color:rgba(59,130,246,0.5); --tw-ring-offset-shadow:0 0 transparent; --tw-ring-shadow:0 0 transparent; font-weight: 600;\">500 ml</bdi>&nbsp;aceite vejetal</div></li><li class=\"leading-tight py-xs border-cookpad-gray-400 border-dashed\" id=\"ingredient_2479533\" style=\"box-sizing: border-box; border-top-width: calc(1px*(1 - var(--tw-divide-y-reverse))); border-right-width: 0px; border-bottom-width: calc(1px*var(--tw-divide-y-reverse)); border-left-width: 0px; border-style: dashed; border-color: rgba(206,206,205,var(--tw-border-opacity)); border-image: initial; --tw-shadow:0 0 transparent; --tw-ring-inset:var(--tw-empty, ); --tw-ring-offset-width:0px; --tw-ring-offset-color:#fff; --tw-ring-color:rgba(59,130,246,0.5); --tw-ring-offset-shadow:0 0 transparent; --tw-ring-shadow:0 0 transparent; --tw-border-opacity:1; padding-top: 0.25rem; padding-bottom: 0.25rem; line-height: 1.25; --tw-divide-y-reverse:0;\"><div itemprop=\"ingredients\" style=\"box-sizing: border-box; border: 0px solid currentcolor; --tw-shadow:0 0 transparent; --tw-ring-inset:var(--tw-empty, ); --tw-ring-offset-width:0px; --tw-ring-offset-color:#fff; --tw-ring-color:rgba(59,130,246,0.5); --tw-ring-offset-shadow:0 0 transparent; --tw-ring-shadow:0 0 transparent;\"><bdi class=\"font-semibold\" style=\"box-sizing: border-box; border: 0px solid currentcolor; --tw-shadow:0 0 transparent; --tw-ring-inset:var(--tw-empty, ); --tw-ring-offset-width:0px; --tw-ring-offset-color:#fff; --tw-ring-color:rgba(59,130,246,0.5); --tw-ring-offset-shadow:0 0 transparent; --tw-ring-shadow:0 0 transparent; font-weight: 600;\">2</bdi>&nbsp;unid de huevos</div></li><li class=\"leading-tight py-xs border-cookpad-gray-400 border-dashed\" id=\"ingredient_2479534\" style=\"box-sizing: border-box; border-top-width: calc(1px*(1 - var(--tw-divide-y-reverse))); border-right-width: 0px; border-bottom-width: calc(1px*var(--tw-divide-y-reverse)); border-left-width: 0px; border-style: dashed; border-color: rgba(206,206,205,var(--tw-border-opacity)); border-image: initial; --tw-shadow:0 0 transparent; --tw-ring-inset:var(--tw-empty, ); --tw-ring-offset-width:0px; --tw-ring-offset-color:#fff; --tw-ring-color:rgba(59,130,246,0.5); --tw-ring-offset-shadow:0 0 transparent; --tw-ring-shadow:0 0 transparent; --tw-border-opacity:1; padding-top: 0.25rem; padding-bottom: 0.25rem; line-height: 1.25; --tw-divide-y-reverse:0;\"><div itemprop=\"ingredients\" style=\"box-sizing: border-box; border: 0px solid currentcolor; --tw-shadow:0 0 transparent; --tw-ring-inset:var(--tw-empty, ); --tw-ring-offset-width:0px; --tw-ring-offset-color:#fff; --tw-ring-color:rgba(59,130,246,0.5); --tw-ring-offset-shadow:0 0 transparent; --tw-ring-shadow:0 0 transparent;\"><bdi class=\"font-semibold\" style=\"box-sizing: border-box; border: 0px solid currentcolor; --tw-shadow:0 0 transparent; --tw-ring-inset:var(--tw-empty, ); --tw-ring-offset-width:0px; --tw-ring-offset-color:#fff; --tw-ring-color:rgba(59,130,246,0.5); --tw-ring-offset-shadow:0 0 transparent; --tw-ring-shadow:0 0 transparent; font-weight: 600;\">400 g</bdi>&nbsp;harina de trigo</div></li><li class=\"leading-tight py-xs border-cookpad-gray-400 border-dashed\" id=\"ingredient_2479535\" style=\"box-sizing: border-box; border-top-width: calc(1px*(1 - var(--tw-divide-y-reverse))); border-right-width: 0px; border-bottom-width: calc(1px*var(--tw-divide-y-reverse)); border-left-width: 0px; border-style: dashed; border-color: rgba(206,206,205,var(--tw-border-opacity)); border-image: initial; --tw-shadow:0 0 transparent; --tw-ring-inset:var(--tw-empty, ); --tw-ring-offset-width:0px; --tw-ring-offset-color:#fff; --tw-ring-color:rgba(59,130,246,0.5); --tw-ring-offset-shadow:0 0 transparent; --tw-ring-shadow:0 0 transparent; --tw-border-opacity:1; padding-top: 0.25rem; padding-bottom: 0.25rem; line-height: 1.25; --tw-divide-y-reverse:0;\"><div itemprop=\"ingredients\" style=\"box-sizing: border-box; border: 0px solid currentcolor; --tw-shadow:0 0 transparent; --tw-ring-inset:var(--tw-empty, ); --tw-ring-offset-width:0px; --tw-ring-offset-color:#fff; --tw-ring-color:rgba(59,130,246,0.5); --tw-ring-offset-shadow:0 0 transparent; --tw-ring-shadow:0 0 transparent;\"><bdi class=\"font-semibold\" style=\"box-sizing: border-box; border: 0px solid currentcolor; --tw-shadow:0 0 transparent; --tw-ring-inset:var(--tw-empty, ); --tw-ring-offset-width:0px; --tw-ring-offset-color:#fff; --tw-ring-color:rgba(59,130,246,0.5); --tw-ring-offset-shadow:0 0 transparent; --tw-ring-shadow:0 0 transparent; font-weight: 600;\">----------</bdi>&nbsp;Para el cebiche:</div></li><li class=\"leading-tight py-xs border-cookpad-gray-400 border-dashed\" id=\"ingredient_2479536\" style=\"box-sizing: border-box; border-top-width: calc(1px*(1 - var(--tw-divide-y-reverse))); border-right-width: 0px; border-bottom-width: calc(1px*var(--tw-divide-y-reverse)); border-left-width: 0px; border-style: dashed; border-color: rgba(206,206,205,var(--tw-border-opacity)); border-image: initial; --tw-shadow:0 0 transparent; --tw-ring-inset:var(--tw-empty, ); --tw-ring-offset-width:0px; --tw-ring-offset-color:#fff; --tw-ring-color:rgba(59,130,246,0.5); --tw-ring-offset-shadow:0 0 transparent; --tw-ring-shadow:0 0 transparent; --tw-border-opacity:1; padding-top: 0.25rem; padding-bottom: 0.25rem; line-height: 1.25; --tw-divide-y-reverse:0;\"><div itemprop=\"ingredients\" style=\"box-sizing: border-box; border: 0px solid currentcolor; --tw-shadow:0 0 transparent; --tw-ring-inset:var(--tw-empty, ); --tw-ring-offset-width:0px; --tw-ring-offset-color:#fff; --tw-ring-color:rgba(59,130,246,0.5); --tw-ring-offset-shadow:0 0 transparent; --tw-ring-shadow:0 0 transparent;\"><bdi class=\"font-semibold\" style=\"box-sizing: border-box; border: 0px solid currentcolor; --tw-shadow:0 0 transparent; --tw-ring-inset:var(--tw-empty, ); --tw-ring-offset-width:0px; --tw-ring-offset-color:#fff; --tw-ring-color:rgba(59,130,246,0.5); --tw-ring-offset-shadow:0 0 transparent; --tw-ring-shadow:0 0 transparent; font-weight: 600;\">250 g</bdi>&nbsp;filete de corvina cortado en cubos</div></li><li class=\"leading-tight py-xs border-cookpad-gray-400 border-dashed\" id=\"ingredient_2479537\" style=\"box-sizing: border-box; border-top-width: calc(1px*(1 - var(--tw-divide-y-reverse))); border-right-width: 0px; border-bottom-width: calc(1px*var(--tw-divide-y-reverse)); border-left-width: 0px; border-style: dashed; border-color: rgba(206,206,205,var(--tw-border-opacity)); border-image: initial; --tw-shadow:0 0 transparent; --tw-ring-inset:var(--tw-empty, ); --tw-ring-offset-width:0px; --tw-ring-offset-color:#fff; --tw-ring-color:rgba(59,130,246,0.5); --tw-ring-offset-shadow:0 0 transparent; --tw-ring-shadow:0 0 transparent; --tw-border-opacity:1; padding-top: 0.25rem; padding-bottom: 0.25rem; line-height: 1.25; --tw-divide-y-reverse:0;\"><div itemprop=\"ingredients\" style=\"box-sizing: border-box; border: 0px solid currentcolor; --tw-shadow:0 0 transparent; --tw-ring-inset:var(--tw-empty, ); --tw-ring-offset-width:0px; --tw-ring-offset-color:#fff; --tw-ring-color:rgba(59,130,246,0.5); --tw-ring-offset-shadow:0 0 transparent; --tw-ring-shadow:0 0 transparent;\"><bdi class=\"font-semibold\" style=\"box-sizing: border-box; border: 0px solid currentcolor; --tw-shadow:0 0 transparent; --tw-ring-inset:var(--tw-empty, ); --tw-ring-offset-width:0px; --tw-ring-offset-color:#fff; --tw-ring-color:rgba(59,130,246,0.5); --tw-ring-offset-shadow:0 0 transparent; --tw-ring-shadow:0 0 transparent; font-weight: 600;\">6 unid</bdi>&nbsp;limón sutil o de pica solo zumo o jugo</div></li><li class=\"leading-tight py-xs border-cookpad-gray-400 border-dashed\" id=\"ingredient_2479538\" style=\"box-sizing: border-box; border-top-width: calc(1px*(1 - var(--tw-divide-y-reverse))); border-right-width: 0px; border-bottom-width: calc(1px*var(--tw-divide-y-reverse)); border-left-width: 0px; border-style: dashed; border-color: rgba(206,206,205,var(--tw-border-opacity)); border-image: initial; --tw-shadow:0 0 transparent; --tw-ring-inset:var(--tw-empty, ); --tw-ring-offset-width:0px; --tw-ring-offset-color:#fff; --tw-ring-color:rgba(59,130,246,0.5); --tw-ring-offset-shadow:0 0 transparent; --tw-ring-shadow:0 0 transparent; --tw-border-opacity:1; padding-top: 0.25rem; padding-bottom: 0.25rem; line-height: 1.25; --tw-divide-y-reverse:0;\"><div itemprop=\"ingredients\" style=\"box-sizing: border-box; border: 0px solid currentcolor; --tw-shadow:0 0 transparent; --tw-ring-inset:var(--tw-empty, ); --tw-ring-offset-width:0px; --tw-ring-offset-color:#fff; --tw-ring-color:rgba(59,130,246,0.5); --tw-ring-offset-shadow:0 0 transparent; --tw-ring-shadow:0 0 transparent;\"><bdi class=\"font-semibold\" style=\"box-sizing: border-box; border: 0px solid currentcolor; --tw-shadow:0 0 transparent; --tw-ring-inset:var(--tw-empty, ); --tw-ring-offset-width:0px; --tw-ring-offset-color:#fff; --tw-ring-color:rgba(59,130,246,0.5); --tw-ring-offset-shadow:0 0 transparent; --tw-ring-shadow:0 0 transparent; font-weight: 600;\">1unid&nbsp;</bdi>cebolla morada cortado en juliana</div></li><li class=\"leading-tight py-xs border-cookpad-gray-400 border-dashed\" id=\"ingredient_2479539\" style=\"box-sizing: border-box; border-top-width: calc(1px*(1 - var(--tw-divide-y-reverse))); border-right-width: 0px; border-bottom-width: calc(1px*var(--tw-divide-y-reverse)); border-left-width: 0px; border-style: dashed; border-color: rgba(206,206,205,var(--tw-border-opacity)); border-image: initial; --tw-shadow:0 0 transparent; --tw-ring-inset:var(--tw-empty, ); --tw-ring-offset-width:0px; --tw-ring-offset-color:#fff; --tw-ring-color:rgba(59,130,246,0.5); --tw-ring-offset-shadow:0 0 transparent; --tw-ring-shadow:0 0 transparent; --tw-border-opacity:1; padding-top: 0.25rem; padding-bottom: 0.25rem; line-height: 1.25; --tw-divide-y-reverse:0;\"><div itemprop=\"ingredients\" style=\"box-sizing: border-box; border: 0px solid currentcolor; --tw-shadow:0 0 transparent; --tw-ring-inset:var(--tw-empty, ); --tw-ring-offset-width:0px; --tw-ring-offset-color:#fff; --tw-ring-color:rgba(59,130,246,0.5); --tw-ring-offset-shadow:0 0 transparent; --tw-ring-shadow:0 0 transparent;\"><bdi class=\"font-semibold\" style=\"box-sizing: border-box; border: 0px solid currentcolor; --tw-shadow:0 0 transparent; --tw-ring-inset:var(--tw-empty, ); --tw-ring-offset-width:0px; --tw-ring-offset-color:#fff; --tw-ring-color:rgba(59,130,246,0.5); --tw-ring-offset-shadow:0 0 transparent; --tw-ring-shadow:0 0 transparent; font-weight: 600;\"></bdi>sal y pimienta algusto</div></li></ol>', 'ceviche-arroz-con-mariscos.jpg', 'ceviche-arroz-con-mariscos.jpg', 'ceviche-arroz-con-mariscos.jpg', 5, 'En Stock', '2021-07-18 05:26:55', NULL);
INSERT INTO `products` (`id`, `category`, `subCategory`, `productName`, `productCompany`, `productPrice`, `productPriceBeforeDiscount`, `productDescription`, `productImage1`, `productImage2`, `productImage3`, `shippingCharge`, `productAvailability`, `postingDate`, `updationDate`) VALUES
(46, 5, 9, 'Ceviche con chaufa de mariscos', 'Los delfines de Mari', 18, 20, '<span style=\"font-family: &quot;Open Sans&quot;, Tahoma, Arial, sans-serif; color: rgb(51, 51, 51);\">INGREDIENTES:&nbsp;</span><br><ul><li><span style=\"font-family: &quot;Open Sans&quot;, Tahoma, Arial, sans-serif; color: rgb(51, 51, 51);\">½ kg de arroz</span></li><li><span style=\"font-family: &quot;Open Sans&quot;, Tahoma, Arial, sans-serif; color: rgb(51, 51, 51);\">&nbsp;</span><span style=\"font-family: &quot;Open Sans&quot;, Tahoma, Arial, sans-serif; color: rgb(51, 51, 51);\">1 docena de almejas</span></li><li><span style=\"font-family: &quot;Open Sans&quot;, Tahoma, Arial, sans-serif; color: rgb(51, 51, 51);\">&nbsp;</span><span style=\"font-family: &quot;Open Sans&quot;, Tahoma, Arial, sans-serif; color: rgb(51, 51, 51);\">1 atado de cebollita china</span></li><li><span style=\"font-family: &quot;Open Sans&quot;, Tahoma, Arial, sans-serif; color: rgb(51, 51, 51);\">&nbsp;</span><span style=\"font-family: &quot;Open Sans&quot;, Tahoma, Arial, sans-serif; color: rgb(51, 51, 51);\">¼ kg de pulpo</span></li><li><span style=\"font-family: &quot;Open Sans&quot;, Tahoma, Arial, sans-serif; color: rgb(51, 51, 51);\">&nbsp;</span><span style=\"font-family: &quot;Open Sans&quot;, Tahoma, Arial, sans-serif; color: rgb(51, 51, 51);\">1 cucharadita de ajo molido</span></li><li><span style=\"font-family: &quot;Open Sans&quot;, Tahoma, Arial, sans-serif; color: rgb(51, 51, 51);\">&nbsp;</span><span style=\"font-family: &quot;Open Sans&quot;, Tahoma, Arial, sans-serif; color: rgb(51, 51, 51);\">2 tazas de chilcano (caldo de pescado)</span></li><li><span style=\"font-family: &quot;Open Sans&quot;, Tahoma, Arial, sans-serif; color: rgb(51, 51, 51);\">&nbsp;</span><span style=\"font-family: &quot;Open Sans&quot;, Tahoma, Arial, sans-serif; color: rgb(51, 51, 51);\">3 huevos</span></li><li><span style=\"font-family: &quot;Open Sans&quot;, Tahoma, Arial, sans-serif; color: rgb(51, 51, 51);\">&nbsp;</span><span style=\"font-family: &quot;Open Sans&quot;, Tahoma, Arial, sans-serif; color: rgb(51, 51, 51);\">1 docena de langostinos</span></li><li><span style=\"font-family: &quot;Open Sans&quot;, Tahoma, Arial, sans-serif; color: rgb(51, 51, 51);\">&nbsp;</span><span style=\"font-family: &quot;Open Sans&quot;, Tahoma, Arial, sans-serif; color: rgb(51, 51, 51);\">1 docena de caracoles marinos</span></li><li><span style=\"font-family: &quot;Open Sans&quot;, Tahoma, Arial, sans-serif; color: rgb(51, 51, 51);\">&nbsp;</span><span style=\"font-family: &quot;Open Sans&quot;, Tahoma, Arial, sans-serif; color: rgb(51, 51, 51);\">1 docena de conchitas</span></li><li><span style=\"font-family: &quot;Open Sans&quot;, Tahoma, Arial, sans-serif; color: rgb(51, 51, 51);\">&nbsp;</span><span style=\"font-family: &quot;Open Sans&quot;, Tahoma, Arial, sans-serif; color: rgb(51, 51, 51);\">1 docena de choros (mejillones)</span></li><li><span style=\"font-family: &quot;Open Sans&quot;, Tahoma, Arial, sans-serif; color: rgb(51, 51, 51);\">&nbsp;</span><span style=\"font-family: &quot;Open Sans&quot;, Tahoma, Arial, sans-serif; color: rgb(51, 51, 51);\">1 cucharadita de kion</span></li><li><span style=\"font-family: &quot;Open Sans&quot;, Tahoma, Arial, sans-serif; color: rgb(51, 51, 51);\">&nbsp;</span><span style=\"font-family: &quot;Open Sans&quot;, Tahoma, Arial, sans-serif; color: rgb(51, 51, 51);\">Sillao</span></li><li><span style=\"font-family: &quot;Open Sans&quot;, Tahoma, Arial, sans-serif; color: rgb(51, 51, 51);\">&nbsp;</span><span style=\"font-family: &quot;Open Sans&quot;, Tahoma, Arial, sans-serif; color: rgb(51, 51, 51);\">Sal</span></li><li><span style=\"font-family: &quot;Open Sans&quot;, Tahoma, Arial, sans-serif; color: rgb(51, 51, 51);\">&nbsp;</span><span style=\"font-family: &quot;Open Sans&quot;, Tahoma, Arial, sans-serif; color: rgb(51, 51, 51);\">Pimienta</span></li><li><span style=\"font-family: &quot;Open Sans&quot;, Tahoma, Arial, sans-serif; color: rgb(51, 51, 51);\">&nbsp;</span><span style=\"font-family: &quot;Open Sans&quot;, Tahoma, Arial, sans-serif; color: rgb(51, 51, 51);\">Rocoto (opcional)</span></li><li><span style=\"font-family: &quot;Open Sans&quot;, Tahoma, Arial, sans-serif; color: rgb(51, 51, 51);\">&nbsp;</span><span style=\"font-family: &quot;Open Sans&quot;, Tahoma, Arial, sans-serif; color: rgb(51, 51, 51);\">Aceite</span></li><li><span style=\"font-family: &quot;Open Sans&quot;, Tahoma, Arial, sans-serif; color: rgb(51, 51, 51);\">Ceviche</span></li></ul>', 'ceviche-chaufa-de-mariscos.jpg', 'ceviche-chaufa-de-mariscos.jpg', 'ceviche-chaufa-de-mariscos.jpg', 5, 'En Stock', '2021-07-18 05:29:17', NULL),
(47, 5, 9, 'Ceviche con chilcano y chicharron', 'Los delfines de Mari', 18, 20, '<div>INGREDIENTES :</div><div><ul><li>CEVICHE</li><li>700 gramos de pescado</li><li>1/2 unidad de ají limo</li><li>Sal al gusto</li><li>1 cucharada de culantro</li><li>1 cucharada de ají limo</li><li>1 taza de jugo de limón</li><li>1/2 taza de leche de tigre</li><li>1 unidad de cebolla</li><li>CHICHARRÓN DE POTA</li><li>400 gramos de pota cruda</li><li>500 gramos de harina</li><li>Sal al gusto</li><li>Pimienta al gusto</li><li>2 unidades de huevos</li><li>Sal al gusto</li><li>1 cucharadita de ajo</li><li>2 cucharadas de mostaza</li><li>Pimienta al gusto</li><li>1/4 de cucharadita de comino</li><li>1 cucharada de sillao</li><li>Aceite en cantidad necesaria</li><li>Lechuga</li><li>Camote</li><li>Choclo desgranado</li><li>Cancha serrana</li><li>Preparación</li></ul></div>', 'ceviche-chilcano-chicharron.jpg', 'ceviche-chilcano-chicharron.jpg', 'ceviche-chilcano-chicharron.jpg', 5, 'En Stock', '2021-07-18 05:32:27', NULL),
(48, 5, 9, 'Ceviche con chaufa de pescado', 'Los delfines de Mari', 18, 20, '<p><span style=\"font-family: &quot;times new roman&quot;; font-size: medium; color: rgb(0, 0, 0); letter-spacing: 0.25px;\">Ceviche de pescado acompañado de chaufa&nbsp; de pescado y crujientes chicharrones de pota.</span><br></p>', 'ceviche-con-chuafa-de-pescado.jpg', 'ceviche-con-chuafa-de-pescado.jpg', 'ceviche-con-chuafa-de-pescado.jpg', 5, 'En Stock', '2021-07-18 05:36:58', NULL),
(49, 6, 10, 'Agua San Carlos', 'Los delfines de Mari', 2, 2, 'Agua San Carlos', 'Agua San Carlos.jpg', 'Agua San Carlos.jpg', 'Agua San Carlos.jpg', 5, 'En Stock', '2021-07-18 05:43:26', NULL),
(50, 6, 10, 'Agua San Luis', 'Los delfines de Mari', 2, 2, 'Agua San Luis<br>', 'Agua San Luis.jpg', 'Agua San Luis.jpg', 'Agua San Luis.jpg', 5, 'En Stock', '2021-07-18 05:43:59', NULL),
(51, 6, 10, 'Agua San Mateo', 'Los delfines de Mari', 2, 2, 'Agua San Mateo<br>', 'Agua San Mateo.jpg', 'Agua San Mateo.jpg', 'Agua San Mateo.jpg', 5, 'En Stock', '2021-07-18 05:44:35', NULL),
(52, 6, 11, 'Cerveza Cristal', 'Los delfines de Mari', 6, 6, 'Cerveza Cristal<br>', 'Cerveza Cristal.jpg', 'Cerveza Cristal.jpg', 'Cerveza Cristal.jpg', 5, 'En Stock', '2021-07-18 05:45:42', NULL),
(53, 6, 11, 'Cerveza Cuzqueña de trigo', 'Los delfines de Mari', 7, 7, 'Cerveza Cuzqueña de trigo<br>', 'Cerveza Cusqueña de trigo.jpg', 'Cerveza Cusqueña de trigo.jpg', 'Cerveza Cusqueña de trigo.jpg', 5, 'En Stock', '2021-07-18 05:46:53', NULL),
(54, 6, 11, 'Cerveza Cusqueña negra', 'Los delfines de Mari', 7, 7, 'Cerveza Cusqueña negra<br>', 'Cerveza Cusqueña negra.jpg', 'Cerveza Cusqueña negra.jpg', 'Cerveza Cusqueña negra.jpg', 5, 'En Stock', '2021-07-18 05:47:25', NULL),
(55, 6, 11, 'Cerveza Cusqueña', 'Los delfines de Mari', 7, 7, 'Cerveza Cusqueña<br>', 'Cerveza Cusqueña.jpg', 'Cerveza Cusqueña.jpg', 'Cerveza Cusqueña.jpg', 5, 'En Stock', '2021-07-18 05:48:02', NULL),
(56, 6, 11, 'Cerveza Pilsen', 'Los delfines de Mari', 6, 6, 'Cerveza Pilsen<br>', 'Cerveza pilsen.jpg', 'Cerveza pilsen.jpg', 'Cerveza pilsen.jpg', 5, 'En Stock', '2021-07-18 05:48:32', NULL),
(57, 6, 11, 'Chicha morada 1 litro', 'Los delfines de Mari', 5, 5, 'Chicha morada 1 litro<br>', 'chicha-morada-1-litro.jpg', 'chicha-morada-1-litro.jpg', 'chicha-morada-1-litro.jpg', 5, 'En Stock', '2021-07-18 05:49:57', NULL),
(58, 6, 11, 'Coca cola 1 1/2  litro', 'Los delfines de Mari', 7, 7, 'Coca cola 1 1/2&nbsp; litro<br>', 'Coca cola litro y medio.jpg', 'Coca cola litro y medio.jpg', 'Coca cola litro y medio.jpg', 5, 'En Stock', '2021-07-18 05:50:43', NULL),
(59, 6, 10, 'Coca cola personal', 'Los delfines de Mari', 2, 2, 'Coca cola personal<br>', 'Coca cola personal.jpg', 'Coca cola personal.jpg', 'Coca cola personal.jpg', 5, 'En Stock', '2021-07-18 05:51:32', NULL),
(60, 6, 10, 'Fanta personal', 'Los delfines de Mari', 2, 2, 'Fanta personal<br>', 'Fanta personal.jpg', 'Fanta personal.jpg', 'Fanta personal.jpg', 5, 'En Stock', '2021-07-18 05:52:03', NULL),
(61, 6, 11, 'Inka kola gordita', 'Los delfines de Mari', 4, 4, 'Inka kola gordita<br>', 'Inca Kola gordita.jpg', 'Inca Kola gordita.jpg', 'Inca Kola gordita.jpg', 5, 'En Stock', '2021-07-18 05:53:02', NULL),
(62, 6, 11, 'Inka kola 1 1/2 litro', 'Los delfines de Mari', 7, 7, 'Inka kola 1 1/2 litro<br>', 'Inca Kola litro y medio.jpg', 'Inca Kola litro y medio.jpg', 'Inca Kola litro y medio.jpg', 5, 'En Stock', '2021-07-18 05:53:50', NULL),
(63, 6, 10, 'Inka kola personal', 'Los delfines de Mari', 2, 2, 'Inka kola personal<br>', 'Inka kola personal.jpg', 'Inka kola personal.jpg', 'Inka kola personal.jpg', 5, 'En Stock', '2021-07-18 05:54:34', NULL),
(64, 6, 11, 'Maracuya 1 litro', 'Los delfines de Mari', 5, 5, 'Maracuya 1 litro<br>', 'Jarra de maracuya.jpg', 'Jarra de maracuya.jpg', 'Jarra de maracuya.jpg', 5, 'En Stock', '2021-07-18 05:55:49', NULL),
(65, 6, 10, 'Pepsi personal', 'Los delfines de Mari', 2, 2, 'Pepsi personal<br>', 'Pepsi personal.jpg', 'Pepsi personal.jpg', 'Pepsi personal.jpg', 5, 'En Stock', '2021-07-18 05:56:15', NULL),
(66, 6, 10, 'Sprite personal', 'Los delfines de Mari', 2, 2, 'Sprite personal<br>', 'Sprite personal.jpg', 'Sprite personal.jpg', 'Sprite personal.jpg', 5, 'En Stock', '2021-07-18 05:56:41', NULL),
(67, 6, 10, 'Helado de chocolate', 'Los delfines de Mari', 1, 1, 'Helado de chocolate<br>', 'helado-de-chocolate.jpg', 'helado-de-chocolate.jpg', 'helado-de-chocolate.jpg', 5, 'En Stock', '2021-07-18 06:03:37', NULL),
(68, 6, 10, 'Helado de vainilla', 'Los delfines de Mari', 1, 1, 'Helado de vainilla<br>', 'helado-de-vainilla.png', 'helado-de-vainilla.png', 'helado-de-vainilla.png', 5, 'En Stock', '2021-07-18 06:04:07', NULL),
(69, 6, 10, 'Helado combinado', 'Los delfines de Mari', 1, 1, 'Helado combinado<br>', 'helado-combinado.png', 'helado-combinado.png', 'helado-combinado.png', 5, 'En Stock', '2021-07-18 06:04:36', NULL),
(70, 2, 3, 'Ceviche sin picante', 'Los delfines de Mari', 6, 7, 'Ceviche sin picante<br>', 'ceviche-sin-picante.jpg', 'ceviche-sin-picante.jpg', 'ceviche-sin-picante.jpg', 5, 'En Stock', '2021-07-18 06:05:50', NULL),
(71, 2, 3, 'Chicharron solo', 'Los delfines de Mari', 6, 7, 'Chicharrón solo<br>', 'chicharron-solo.png', 'chicharron-solo.png', 'chicharron-solo.png', 5, 'En Stock', '2021-07-18 06:06:20', NULL);

-- --------------------------------------------------------

--
-- Estructura de tabla para la tabla `subcategory`
--

CREATE TABLE `subcategory` (
  `id` int(11) NOT NULL,
  `categoryid` int(11) DEFAULT NULL,
  `subcategory` varchar(255) DEFAULT NULL,
  `creationDate` timestamp NULL DEFAULT current_timestamp(),
  `updationDate` varchar(255) DEFAULT NULL
) ENGINE=InnoDB DEFAULT CHARSET=latin1;

--
-- Volcado de datos para la tabla `subcategory`
--

INSERT INTO `subcategory` (`id`, `categoryid`, `subcategory`, `creationDate`, `updationDate`) VALUES
(1, 1, 'Frio', '2021-07-17 06:29:02', '22-07-2021 02:03:47 AM'),
(2, 1, 'Caliente', '2021-07-18 02:07:48', NULL),
(3, 2, 'Niños', '2021-07-18 06:05:11', NULL),
(4, 2, 'Caliente', '2021-07-18 02:27:21', NULL),
(5, 2, 'Frio', '2021-07-18 02:27:04', NULL),
(6, 3, 'Frio', '2021-07-18 04:29:22', NULL),
(7, 3, 'Caliente', '2021-07-18 04:29:30', NULL),
(8, 4, 'Caliente', '2021-07-18 04:38:35', NULL),
(9, 5, 'Caliente', '2021-07-18 05:04:28', NULL),
(10, 6, 'personal', '2021-07-18 05:39:17', NULL),
(11, 6, 'Familiar', '2021-07-18 05:39:54', NULL);

-- --------------------------------------------------------

--
-- Estructura de tabla para la tabla `userlog`
--

CREATE TABLE `userlog` (
  `id` int(11) NOT NULL,
  `userEmail` varchar(255) DEFAULT NULL,
  `userip` binary(16) DEFAULT NULL,
  `loginTime` timestamp NULL DEFAULT current_timestamp(),
  `logout` varchar(255) DEFAULT NULL,
  `status` int(11) DEFAULT NULL
) ENGINE=InnoDB DEFAULT CHARSET=latin1;

-- --------------------------------------------------------

--
-- Estructura de tabla para la tabla `users`
--

CREATE TABLE `users` (
  `id` int(11) NOT NULL,
  `name` varchar(255) DEFAULT NULL,
  `email` varchar(255) DEFAULT NULL,
  `contactno` bigint(11) DEFAULT NULL,
  `password` varchar(255) DEFAULT NULL,
  `shippingAddress` longtext DEFAULT NULL,
  `shippingState` varchar(255) DEFAULT NULL,
  `shippingCity` varchar(255) DEFAULT NULL,
  `shippingPincode` int(11) DEFAULT NULL,
  `billingAddress` longtext DEFAULT NULL,
  `billingState` varchar(255) DEFAULT NULL,
  `billingCity` varchar(255) DEFAULT NULL,
  `billingPincode` int(11) DEFAULT NULL,
  `regDate` timestamp NOT NULL DEFAULT current_timestamp(),
  `updationDate` varchar(255) DEFAULT NULL
) ENGINE=InnoDB DEFAULT CHARSET=latin1;

-- --------------------------------------------------------

--
-- Estructura de tabla para la tabla `wishlist`
--

CREATE TABLE `wishlist` (
  `id` int(11) NOT NULL,
  `userId` int(11) DEFAULT NULL,
  `productId` int(11) DEFAULT NULL,
  `postingDate` timestamp NOT NULL DEFAULT current_timestamp()
) ENGINE=InnoDB DEFAULT CHARSET=latin1;

--
-- Índices para tablas volcadas
--

--
-- Indices de la tabla `admin`
--
ALTER TABLE `admin`
  ADD PRIMARY KEY (`id`);

--
-- Indices de la tabla `category`
--
ALTER TABLE `category`
  ADD PRIMARY KEY (`id`);

--
-- Indices de la tabla `datos`
--
ALTER TABLE `datos`
  ADD PRIMARY KEY (`id`),
  ADD UNIQUE KEY `correo` (`correo`) USING HASH;

--
-- Indices de la tabla `orders`
--
ALTER TABLE `orders`
  ADD PRIMARY KEY (`id`);

--
-- Indices de la tabla `ordertrackhistory`
--
ALTER TABLE `ordertrackhistory`
  ADD PRIMARY KEY (`id`);

--
-- Indices de la tabla `productreviews`
--
ALTER TABLE `productreviews`
  ADD PRIMARY KEY (`id`);

--
-- Indices de la tabla `products`
--
ALTER TABLE `products`
  ADD PRIMARY KEY (`id`);

--
-- Indices de la tabla `subcategory`
--
ALTER TABLE `subcategory`
  ADD PRIMARY KEY (`id`);

--
-- Indices de la tabla `userlog`
--
ALTER TABLE `userlog`
  ADD PRIMARY KEY (`id`);

--
-- Indices de la tabla `users`
--
ALTER TABLE `users`
  ADD PRIMARY KEY (`id`);

--
-- Indices de la tabla `wishlist`
--
ALTER TABLE `wishlist`
  ADD PRIMARY KEY (`id`);

--
-- AUTO_INCREMENT de las tablas volcadas
--

--
-- AUTO_INCREMENT de la tabla `admin`
--
ALTER TABLE `admin`
  MODIFY `id` int(11) NOT NULL AUTO_INCREMENT, AUTO_INCREMENT=2;

--
-- AUTO_INCREMENT de la tabla `category`
--
ALTER TABLE `category`
  MODIFY `id` int(11) NOT NULL AUTO_INCREMENT, AUTO_INCREMENT=13;

--
-- AUTO_INCREMENT de la tabla `datos`
--
ALTER TABLE `datos`
  MODIFY `id` int(11) NOT NULL AUTO_INCREMENT, AUTO_INCREMENT=20;

--
-- AUTO_INCREMENT de la tabla `orders`
--
ALTER TABLE `orders`
  MODIFY `id` int(11) NOT NULL AUTO_INCREMENT;

--
-- AUTO_INCREMENT de la tabla `ordertrackhistory`
--
ALTER TABLE `ordertrackhistory`
  MODIFY `id` int(11) NOT NULL AUTO_INCREMENT;

--
-- AUTO_INCREMENT de la tabla `productreviews`
--
ALTER TABLE `productreviews`
  MODIFY `id` int(11) NOT NULL AUTO_INCREMENT;

--
-- AUTO_INCREMENT de la tabla `products`
--
ALTER TABLE `products`
  MODIFY `id` int(11) NOT NULL AUTO_INCREMENT, AUTO_INCREMENT=92;

--
-- AUTO_INCREMENT de la tabla `subcategory`
--
ALTER TABLE `subcategory`
  MODIFY `id` int(11) NOT NULL AUTO_INCREMENT, AUTO_INCREMENT=24;

--
-- AUTO_INCREMENT de la tabla `userlog`
--
ALTER TABLE `userlog`
  MODIFY `id` int(11) NOT NULL AUTO_INCREMENT;

--
-- AUTO_INCREMENT de la tabla `users`
--
ALTER TABLE `users`
  MODIFY `id` int(11) NOT NULL AUTO_INCREMENT;

--
-- AUTO_INCREMENT de la tabla `wishlist`
--
ALTER TABLE `wishlist`
  MODIFY `id` int(11) NOT NULL AUTO_INCREMENT;
COMMIT;

/*!40101 SET CHARACTER_SET_CLIENT=@OLD_CHARACTER_SET_CLIENT */;
/*!40101 SET CHARACTER_SET_RESULTS=@OLD_CHARACTER_SET_RESULTS */;
/*!40101 SET COLLATION_CONNECTION=@OLD_COLLATION_CONNECTION */;
